1857,jVtF3lI
262,OhI0bu
4047,mG0QMPok
5511,Aw4A
1755,4KaFN
3037,kudXPT2
5602,SFdF91yr
5698,4izAezda
2618,eVyz
3208,1CqfNIj
2805,Tujphr6z
4133,pOTwiVf
1120,lypx3F
189,Mr5itB
2658,jiSAiOQ
2450,X6E1
2442,XkpM
2850,vRVrr
4143,ng7SbPP
3736,mcnqjJxp
4963,Ya7zH
4653,9QBUVosp
2502,JFfsFSo5
1922,AkmR4
4596,UkVNKxLu
627,WVJM
3899,7ROVqV9
4022,5uXwCZvA
1717,6c1u
5337,aDef
5552,RSrCiwd
3013,bE5yJS
5756,Ay7o
2456,79SR5V
385,i7AnhR
196,JYe3U
3667,gtuo3
1259,diMbKNab
4652,cBoIHh4
5728,TLHPct
5724,JoG2yt
3243,iN6JYyCg
3995,HhgmYrN
4165,BGmoZglJ
2911,OCpGAS7
5215,HS71LS
1049,kgu4n
4254,dv92M48o
5295,n2oaC
1490,qVdqeoV
867,uDBq
4326,OCkww
5066,MOOzzy
393,dKbJ
2576,YyrjBq
498,YayCGO
1683,0A5LO
690,4AoW9
3187,npv8
966,7H3d
5464,m6N6YWrO
1819,bzK7
4287,UlBffB5
910,SIzZ0
3669,0wrLaTJk
5301,4INtUV
5662,EtDGWSU
5149,kUaA
5580,dL5p8
1728,V1W5ml
3912,XvO737Ff
879,O4Ea
4605,SDAJrn
2582,6e1d0vNm
4101,9Dow
1574,qZjjj6I
2032,fSfG
5288,uulp
3858,14WtA
154,bhnaL
2387,vDW7wf
3725,JHNs
2643,9feh1r
2309,AnrSAR
3564,4Dy8rS
5189,WKi08rkD
968,VRF2w
3613,AZpyb
5540,RDm92k
229,Aj0Kss
1813,MLcR
4916,gO4vqX
4997,wLDFoC
4472,3txTQEke
1555,aELgXOcK
3483,6CS4jXS8
96,7DPNsE
1210,CRFT9med
3379,VELj
5214,gUVhIu
2119,SBGCg92
2328,ER1Zo
2736,TYdv0J
466,KIgp
5196,SbqO4
2292,gR3lo
1290,ygipEO
3998,BL1h
5084,PF3llf0i
5554,8aCaigEI
3364,XL6Cr
3017,bG5Eb0
622,gL8SC6Mm
5357,HH1be
99,4kA3mW
1378,MzAy2G0w
2776,T7D1
112,888GD
3941,Gnu9
3473,N1H2g8w
3112,D82lZda
3900,nGR8L
3777,MKUDCMn
2388,hpslMu
510,sS5q
5720,N2VML2n
3632,MuN4qKtj
236,wKkAkTR
1377,V1OeQMv
3232,dFKNi9wC
2999,KYdETjiw
852,Ujl9tOkL
206,wihTg
1289,WBXCwB
4550,YnOsma4
5835,TnZuN
2416,dM3Kz
1527,ASeHqP
301,dVMAfi2Q
4301,qYQEFm
1699,ZJUzdY
3451,W5lNaW
3673,EVVvh45W
119,o8dOg1
3671,BBlCDSj
3484,PiXA
4817,RWBaKqSv
2427,vfWq
3851,E52HQ
4231,3MlaVK1
110,VO8lm3Am
4581,ATim
1843,fSV8hs
5292,pPkaMV
2615,SjFR6qH
893,uiUd
805,7NYoxvh
4235,C8xfvt
5309,yeRi
4608,6lHvi0
5559,Gke2P
3531,ra3Bdc0l
4962,8FxFQYr
626,N7a2nw
1829,xe9SeKDF
3005,ILDYQ
4272,ypXTCm2
2721,Z5Pt
3739,mH4vaqDS
5329,keOe
708,PRMyy
2174,Kn7sa
2448,pwVTcZd4
3265,x3qz
5533,B2mOml0
3392,ReCGVtWH
5017,Z23PDG
171,klw7
329,OhJ9m
1808,t6hOW
1831,3kFMd
2952,1KTP
210,kNJ3UWY
1985,Tcp6
4854,YtZEIvEO
4743,EvMOOrC
4295,eOFjgocD
63,cF54PQ
3425,Hv5zi
169,SQJV
5222,InBq
509,2HBIg
2902,wQkE
3133,KpYu8vR
4977,GhT1zg
938,Payj
204,WSMz
2128,cm6Mo2
1370,OVSiR
3060,DEIYHO
919,dlghZG87
5569,4kp4B
1434,GCieip
2473,sRcN0xr
5859,CgNb1KK
5410,YFIX6
740,f1X23LTy
3313,Lrgaai
2078,YM0Wm5Cf
3634,3NO42
3699,zqadR6le
5677,wdkXa
1675,tWpyG
1242,yxWo
1910,f55AjF
4568,4hkS
3371,d5JE2swb
3308,UmvQTY27
2109,nukxM
759,0z0Xtm
589,fJBiB
5333,cTtAF372
4851,znRRf
3880,f2oxc3B
144,mVmGOH
1988,mXzL
1797,ycAmcM
2403,mb5jPAl8
4478,HjEM2lpH
4239,XHbR8mma
1488,6ETO7
4894,131hc
4342,SJfXH
3917,2omet
2406,XgJ8
3477,96qMy
199,aXa1qz
2231,8om5Dtt
2150,KkZ0
970,xmI0hVi
5772,cTT2uE
2957,6XXbX
5565,q1dgVw9
1412,DZdx
571,ROkdC
3185,gnHDzZ0
3456,cX8cpbOV
565,YZqf
4665,HtH3n4
2698,exeP7U
3533,xNZPuUX
3723,lZJDpr
1046,jky2r2D2
4722,nevX2
4027,ewkyd
4613,BMi9RAX
4843,idHI
332,DxDkQ1X
2218,QoXRqje
2341,xglpW443
1737,p9GaK
1995,9e0oUJe3
3325,bQKQ
417,PL8PD7ot
3643,XpksJUa
3949,LwZdi
2693,WcYq
2252,jux8X8r
245,HLNDzIo
1131,xp7G
4943,7d9Y
5085,soYNU
3908,VTJRO92t
2969,PEU6OxV
2405,UyXIK9ty
3990,5M1E
2101,R7hqlf7
2555,jjRb
5519,HfcT
1512,zVju
164,9XGz
5633,prP1jXK
4951,EdvGa
3884,fKMij
4194,ynHNo3x
5574,ehPY
5535,b45B
3065,YiqQpGJ
4374,uBIdp
1333,nRBbQm
5291,Ms1KcE
2177,Vjdn4kO
1925,B5ll
3982,spgmne
2587,VmGe
3537,XfaYOt0
1486,NhOf
3617,UFY2
5529,bOgcqAU
1369,Qugz
280,GRe2
3782,8I4Do8
3381,sL7sH8
3618,Itf5pO
898,ssKLR
4784,TaDMDXeL
569,nDEX79n
651,e3mxXc16
2757,vfNE7y
1379,uM8RpJ
4566,Apu5XJ
5359,TCSFop
5264,ArTlS
1270,svg8i4Bt
3599,5P1o
839,mETRZ9GY
226,TtN3t
3911,eEPx9e
2010,oQkn
1639,ykKX
4481,MKEW5i
2160,w6bwy
474,ZV5K2eh
3260,nQB5LI
3512,Ylal
2714,Lmf4d
1885,LL3Sj6n
4150,mSyt
5200,C03DB9i3
5734,Cg6Z
2365,88pKoCqS
894,9mly9
2894,EMYA
1032,mGuBUXAe
737,GSinTQ
449,VWRpy0q
5441,SwPbx
3823,PQFsw
831,IRnNt
324,NLfEQ
1326,QfUHbtp
5448,k4BN
2344,IlWy4uij
3649,QioOw7NZ
5164,4bZC
2127,tbOYHY3c
1579,85Hd85B
5010,KiJm
2395,EqByf7
3380,eN28
1235,Y2Azr0Y
57,RuZb
1849,1279o
5126,ttfX
2901,IiHef
5079,iTCL0oBF
5778,F5Thwf
4512,iVHW
471,6ltVW
5350,ZPNWr
3491,TmhECvsm
4499,aFjdr4
5111,0PYIOM
4206,jIhcss
1964,das6
4649,ZbNB9t3
2258,r4Q81
900,m5aUyRH
3813,1LVP
468,q7KwTaA
5546,5vJ7YNC
4996,uRuLn
3702,DxblV
1215,Q4inX
4438,tL7cp
5370,rCPC
3124,aI9o
2982,mDDEqj
2983,C7zrS
1167,pH2n4
2684,jHrhZ4bL
2891,2Nob
126,ALyfiFPz
4987,wj799
2861,qZdpl6LC
1589,WmgWbZh4
2729,Nfhtut
5428,xT9dE0
5743,VjmxIEjf
705,474Y
4576,faMAiJ
104,uVajVRT
1361,Ou11X
5444,b2hnz7r
2213,GSxB85x
4763,F1lk
4694,g4P9Mgm
464,qPYv2
121,vpWr
5614,g2Rh
4867,UcJp1AsK
1952,0KMask
4976,fjultPo
103,cYIP6a
319,5Tap3
3604,tC8vM
2500,KpQwo
13,mDXPoH
128,zzX0r
2478,7Hgpyc
918,ndDMZ
511,HOakOr
3004,L5tqB
2914,s5bc4
3944,iyBTVcTq
1549,nf7ojqp
3415,p7YvrTl
4506,zV5QZCC9
4849,NpXcRQ
578,BD2tr
1974,M5DW
3874,5pTK
1564,86Z4
3574,SATfz
1665,RiFk
1328,rQVfg
4541,cZa3TbY
5206,GoTV9Rh
2476,goOJoE
5127,EWk8lG38
5665,ov5bsr
5851,edjGdH2T
2533,MyeTSwf
4230,kRJ8D
2487,Ib1H
3291,2O4E
855,rRvYsef
5397,TQy3
1185,t5X5
5117,GU4v
1682,PJ7XMGH8
4454,rRpR56ro
3018,jSaag0
42,NsUTSRSX
5723,id90WSO
808,g14j
54,F2VINCgr
2123,gIwb
2087,InSKN1Z
3878,XqNQ
2784,Sr5601P
4387,ZBXjy
1761,edVNM
2482,V9ZmJG
2830,uuoZc
228,BBRwKxVi
2215,IMyMdZVp
1157,5h2KtHR
5156,xOOA7WnE
2295,mrpYzg6
872,9w1yeTu
1207,pfeegnLR
1403,iF9Z
5216,DpnmoO
2997,rq5EH
811,k1NzWjQd
141,SrKj
2124,8hJLUl0y
692,Im4f
2677,m8kM
2859,BVUKV4B
3268,CkIbiD
4586,npMwA
4364,AGIW6
1586,UlPXRdFW
5849,72M5au
4970,sjqqq
3277,vQp9
2089,E7YPb2Ov
1143,yMGk1
1986,nLdSt
3144,1IHRua
802,whimuR8e
5145,axeLi
2846,efBcHr
3460,mej2eE
2394,0ZDHBx
3674,3fyhJr
5443,U9BVhViN
2241,cPeeZ
4699,x5LgNO
217,gaizfr
1987,5kdLsCE
2095,4Fc84b1
413,7tOG
4692,duHEme
2229,kyr3
1944,jiVf
3001,LWoNZ
4579,UWKOeH
1946,qnAq
2004,Nm23u4
669,alwwfia
4304,F5kaZJ
1712,PxPb0e5G
503,IkmwG
1879,S4dru5
4425,nSVZ
5708,aKcsnR
3327,sOEtnXow
4074,yLv2
2929,jcRYg2Mx
4807,jstzK
84,BSkY
5246,ba5dW0T
4658,slU
1348,gFJhO
2522,DkUBHef
3363,M01w
1972,xMQWvzD
1644,SMSCI
295,VZBWBd
4140,xW2vq0
5577,cM9HJPz
1890,HleoA
603,BS1dpS8
256,Gycx
2973,bXspF4
3655,hRwcmOsJ
437,cTULrL7
1179,hw9vXw
302,xoBef
3603,aUyHzEh
5284,Go6dX
2775,6HkMJCo
1264,r36IyAe
2299,hUOa
3544,cYww
2794,4EdcFF9
1094,YVRK0
3849,36NSkf
4450,zf0I8ED
5435,goCLw
456,16oBac
2752,9V8rq
1424,uoJUIUI
5427,sGjm8
807,JKQl
4000,Ak5WYEb
544,955n3kV
1080,GRFdmE7M
3832,ohpj9
4011,9ikMf1
3207,jwgubxvK
1966,ujwxUM
2903,wMvgGM
5736,xgnvppu
115,l6Bsg
5786,uHhX09b
5051,dJSmq
5852,al82XA
1814,ugX2m
2944,IeJTCRD
4638,CcI8o
4812,gJaa
4077,DWabnsOH
1428,hNyFKr54
3237,WNwhVxCG
4697,dLJI
5637,4QTmroBl
1530,J58T
1190,m45iz
1515,b8HpC
4687,IjfrbJh
2296,DpSPruL
3444,NSt834
1303,GURr
4396,WsVeH
4575,jFkFw6B
1373,DQNc
1898,oTGp62u5
822,0FceX1
313,AI8f
2771,CvGYe
2774,CsOA
1451,oMNI
4275,6d0foRt
1043,6nfAh
3683,q5nwU
2541,Nf9CRhh
3877,Cb4sjvy
4641,d82Ff3
3793,nNwKCH
5220,GqIDI
2728,a08e
2333,GyMMKpt1
1643,MXOVYZJd
1614,cIkVw
5332,fHG7
3885,RFqIm
2581,whWM7mL
2153,I5jXX
3937,AarjR
1203,614b
5060,FhPLFG1t
5012,8YWK4
3765,7x1C
4382,AjEpQxLT
321,Dav2xV
5106,JsYi8F
2192,3mcdkp
1239,12Ddzqy
4847,6Idx2Rjr
4735,7sVBC
2520,SA9OG
3821,FIfVHU
3250,DdAz2
3536,mkhG5t
2185,ua3PKh
4600,EBeU
3956,NTHNl
1180,BRXkPQ
725,FzGgQ
4414,e77JX
341,VjWyZ
1805,RimA
4783,UETg4
3936,Dt1wKC
1331,etIH
2327,8XFn
398,p6GinVOI
4493,ldzOqM
3087,Z2kPMtX
1085,ZhNR21r
1522,FoEX4i
4263,gGptiCd
902,gjnW4L
3254,BrbFO
2967,jKFSSp56
1297,tL9xNDO
3007,QAiP0n
1233,p7ky
2246,3QMCX0
3909,ua1b2Ly
1009,a63kbtKP
2308,kbnDW
1113,r1EA
3866,FxhrBwC
582,NNkg2
135,SIpwYUPB
1452,E0pIQ5Sn
195,aF5hhFg8
5771,kC7k
3045,LP58Td1F
3021,LVfBId
3583,dyT5oxb
4585,95KvDR
4114,Cy70WlQl
4051,RKL2Ymdg
5197,DqTw
2103,cC3HCq
907,IyLAKuO3
845,5cZu
1780,ItF1HxL
465,nQS1rIEN
5597,gtfgc0I
3408,UaiKjlT
1824,e93IZ
4398,P8BUO
4707,w9s2vsD
896,4VXsTQcN
1877,KgDr9uk
2871,E1rvrpg
4311,qDi4X
460,JiWBj8
1362,0aSqZ3bH
2269,SqW0lt
1260,noAltD
111,PwJ4CVz
4482,AaZCgj
2885,TxawJp
3086,EoPkOdP
1795,KkfVFxa
1958,85EIw
4412,OBqM5UxO
1768,vA1cVv
4306,mZF8R
3598,OjFn
1343,XJHnz
1287,kh68YX
2069,i4UuiEA
5824,JUZ5FxEh
5372,pdpPj3Vs
3578,4QZRK6
1332,nYmdBwpg
1631,Z2Y4JUpI
1568,dlCOY
4383,yZGjpO
1787,NGwPUYnZ
2956,KLXLwk7
5748,Wqzh1Zc
2627,qBkS51
4557,0bsq4
4866,RMJ9
3412,cJOF3mD
157,AlMo4MR
2927,hDQAb
4423,HKxCk
1016,gXssn
3472,8Iu7
434,DG6uF8Zf
4357,k3PCr1
2591,5zLW2Ys
364,pDjFxiH
5487,aAQh
2162,tSEb8C
2270,3NEloH
4514,SWnKh1K
4995,s9r2kqQx
5129,M2vZPb
4588,WYf6Pm
5339,fjVi
2505,jgMBMIuO
5210,A8l9wHlj
4193,1V9t3
1147,wDGQQwb
5459,nNlG
4492,64tdP
4734,rSuNCqBB
4290,m6KF312
2563,soZjT80H
2372,sWYt3YSE
754,iJNFUqSD
2348,e5Tx8dyC
715,dNRuM8
1763,79dgRmD
5003,blrciCf
2312,lSf7
4280,emSE
5304,QgRPCRL
3301,GDc8
1086,k5kLh2mC
1519,16nwf
5463,qYHVQCJC
1209,TtLxDt
762,pjxhZuMj
2814,nA76kZYt
5143,oRpLGdt
2189,M8Hi
1257,Zsiea
798,zBmRkb
2261,kzaX
5704,XOJV
2700,aMx3N
3887,qD20J
951,PVhv
5811,lC45
4296,Of53
800,OQOms
1620,sTsIS
1625,ZI4ITXS
1938,thW0r
5258,X5co
2508,ii79N
4592,8SBpngrz
1001,MYPK
3362,KvhYN5Wj
5162,MeMQM
1714,TsOU
2098,ED43s58
2687,WBwBo9L
5048,61U0p4
5343,SUIr
5052,uVGXOMP
3974,zTTni
4518,4hfXxX
2462,vo8Bw
2047,0GZgfZZ
4563,zRNQ
2579,1yljFpXm
2263,4YIf92u
1779,NWVL6
5730,CANu
5364,PaY9
3411,Vmx4ae
1959,pvUPz
2222,DNWLVNi
842,YFGf0
14,6WkM
2432,CGSF9O
5080,jSnFrm
1336,6HDA3a
3820,KZYN
367,5gilvS
4574,Wk6fdMq
5457,7cYT
899,2mxsulf
4197,BJzy
2727,My9d
734,4ds1Jp
2688,zsbGMSY
901,iOkIk
4139,IBuTGFA
1616,iwX8
4459,edWiGv
4395,1AH1VHp
4888,Z0vrmiA
1347,415e
3846,b9MXnUP
2471,ivDvvbP
3414,3VP3S
3513,M6NT
2332,6yTAB
1603,N7kOYZv
4179,KFmlcpte
270,hjOts
2507,FYHTQ
2019,OxxnV1W8D
1144,HoQHfH3
4636,PzjNzj
4632,IUZl
3042,u6OUGxc
4537,qyX2t9Is
610,oyKx
2001,06NN9
2669,kTTX
3653,CAdknh
605,lC2TU
5289,7A0uJpgx
1077,biv4r
2265,6m57i
4561,GJmWKvN
973,k9mqik
3686,5b4Zqc
4456,7TjRd
5009,4PzdLpg
289,i2Eg
1391,eqtAF
4601,Q4QQgjrP
317,jRV1
4318,wQH4X
1354,urUC
1447,uhkFkm97
2882,p0cQ
4046,4SvZXKHl
1092,pJIGqBv
5479,ls9nF6
5763,NSMnu7dM
2745,30MfLTP
2657,dy567q5
3615,kphrPA
439,pU54Q2
4955,x9Jes
1339,9taDDH0A
1802,ioRC
2811,rt2YA2
3041,BmL9ar6
755,CeGfhEYC
5170,30GiD
2100,FWqJ
3253,vbXjMGf
5327,OIzo
5296,4y2GNbf
1238,vIPQW
2834,BDuZM
4029,My4V
1517,YcF8o4K
1930,aERDETN
5122,RRC0tLz
4115,RCj3jeY
4078,VWwR9I
1945,D0x3
2506,gs2jilMb
4475,Y0JzcW8
4420,LZYCx
3449,RTZokavi
2655,zgl5
203,2Rogn9Xr
297,tNSc3
5769,UT627EUr
5645,NCYIzt
917,9n5Kb4
7,IjnEiP
467,HZeP6
2424,quFgg
2358,Fr6cqC
5447,VTPZVQFN
2108,AQnj6ff
3267,1EEDJ
2021,jjyY
333,e8Wl
747,AeafX
346,HCEYz7oW
3950,RF1lgK
5298,4jfTmO
5006,UyepD
188,s2YbcHaP
5842,gidf4s
5776,BUwAm
5490,O0ywIox
4209,rc3rAK
4994,YQ4Ffj
19,QEdkguPY
4052,0l5Ggdtp
3608,b1nVeS
5272,PO0OSfp8
924,FxD5O
3871,mh51x
2036,Hu0nwXs0
1621,CwHIGycA
2204,32NDbVe
4106,dR2V
2949,Pt7EJt
2151,mxVQ8CZ
1835,pB1j
3730,Mp8nS1W
1276,B8gW
29,aINpoJv
4772,v2jMn6Yx
1295,icHw
2545,H0hheRPn
2033,LS6M
2795,2q7v3d
2709,DjsfJWS
5800,23zwZ
3749,3dl3j
1050,0jwPO
4257,J6z2
5815,4TGJZtFV
765,TyDMfowK
155,Lb3hFO75
5408,XrklMV0c
2257,ILkMzV4
1691,smfDV
5838,Zpm3x
5315,BOi11
4297,LOMv
5783,CE9i
4698,0AHU
4184,jYSGHH6
3837,4tfbZd1
2281,fAX9TM
3078,yndeXOxD
897,90Lq0Bv
2744,z4FXT2
93,9bLAWh8B
2874,kMLDUE
5081,AHQKn
4061,dFAWPk
1845,yVaUqzAG
1401,bIHd1
2899,Pg54UGjU
1501,ajkKznL
591,XprunOn
5803,uJ4d
298,vExe
1657,S4JLL
4489,gW2I6Vf
1168,AzpKtZM
2534,N7QRpm
3059,3dIR
2945,YstlQQ0
1466,w7qm
1649,ChkuA
2518,snMOinXt
4123,7zqamNN
4954,XzGoI
5691,Zaac0G
774,4l2Hgc
5784,aSynINu
1904,m5ofC5
3707,lOK1A
5469,lIZTs
1939,61Ek
2287,37Nm
1783,RZTqPRkq
2562,QUreuiPz
2255,snmqA
4484,thG7m
5020,MZBC
2763,dEkupi
4394,bf6PQZk
4639,4ZrP9s
3230,3GSXL
5725,Ela524uE
2884,Dc84l
5589,SLccNJ
4821,fdbOX7U
1826,rMSgL
1956,5TXMH
2755,cxdQX
2939,38vb
2662,bRBQRn8i
744,BH2CAZgy
3895,aUdMzs8
2557,l6nfR
2900,34jFmrW
5005,SI6yguqS
5775,sITKa
190,O77uRZW
4580,8wR11ab
3822,SlTY
2551,jJWA
923,8twJpl9
2061,PEY69
840,lq4dn4hF
2099,fArz
988,HNVwFlQ
2980,Ud46
5822,rPrLJQTG
5172,ywsoqN2i
1081,3qGZd
4758,RJHb
4682,gvAFSkX
3035,23n1
2479,qqJ6p9
3951,QgRr55Eb
2256,ocjR6
4577,S5CVwlP
4252,PjnO4lAp
4952,BSJsvKtI
3189,3gveE71
1535,fSiBfit
2547,nurDby2c
3090,5aC8Cpx
4553,40ovU
3224,gk4Fcsa
386,gi2LOTK
612,MQQEKAh
2773,auobGMc
2003,jcDV
3030,uLuV
125,2HDldi6H
4092,TzNeVE
4446,wMTpaf
5234,Ve0W5a
2013,rt1jtYjG
5016,3aplzqO4
1963,P2R0K
1973,h04btkSY
3745,IfkX
3978,60bqf0
778,FP6KD
4729,OGqyWe2F
945,WSxW
3916,MLhFV4MN
794,8Ijwt
4855,IE5U
4906,HyJE0S
5023,Balkqgpf
2267,xIA4Viq
3204,nyByKb
4266,7YnZ
5365,yP1i
3052,BKtGhUL
4409,rlJz6J
4524,402o4V1e
3594,2uUqZSKS
490,heqy
2436,0NnkeoOV
1134,ofncd
769,gP6vyQ
244,EXOeHL4
2393,UduCSLz
2208,qoIxUD
1271,RlYgrYE
1838,dVO4
3637,AhwzD
5555,c9tlKB8
1800,cEp5UY
1118,4IRmq
1320,cJKAp3Ee
4764,abVZFn3q
3284,1NZn
1730,wUE0
1047,1v8F
4762,KEt11qA
202,gbKgzBo9
1817,L3qY3MGt
2710,7Erjk
2361,GLlE
5112,dLJ3B
2754,NFtRew4
2537,sjGxmuDl
4898,qCVT4a7
4547,77kYx4
2016,wFh1
400,eFsZ0SdW
3395,j8DoFn
1055,FoL0J
1177,AzO5C
3341,Tfajnm
1323,F52tveTK
2820,udGv2
290,90rhgIM
4542,93yF
2787,zai0I
3568,8Q2KWVj
5652,4R941i
2435,LcYOQ
4720,irTmIqd
1418,ovbFa
3463,z5yJzYXX
4746,T88O
1337,yYXW8
323,JNX1D11
4738,UmM8kPgl
546,Xy0qK7N
4314,KnAUVH
4313,3n53Clfz
500,gU3np
1553,TvB1QeA
563,BnzTyPv
1820,TWsr
3122,1mvBQ7
2470,LGEx3JB
1830,nbH6S
5409,YB2Ejgc
5541,1qqOvh
2377,Ambz62yh
825,fVA0O
1155,45Qj
3229,qZU5k
757,Mt6d
3915,itQHltmP
2075,mNEJfKXx
1012,I2Bb
258,0ywf
4497,SaFME
2307,o7bsgZw
595,mlOCVPz
2152,TNpTcPOs
8,Lt5y9fp
422,XI3w3Dqw
1495,XLSnbQM
1292,7jNly4I
5751,SgWF
390,tFyGALik
4039,gIx7
3226,oRW6QfuX
3652,EQ5ZLWYU
1545,lCIYf
1720,3nGXTMOF
1024,E9ti90
2065,BejeXoR
1300,lItx
2990,Bg6J3N
2116,6GSMwQUC
2400,iAmW
1342,JNUB
4708,lm6aLk2
3988,7Y5qESRQ
5739,pDQR
3476,oeP5G
3794,uslG
3566,N2bj
2731,sxBQw
4651,9NvQ
4033,6UoBThjF
4155,6QaOwj59
4523,KEsAL
4501,bLHiAQKV
4672,SdWxifL
5417,m6caR
543,DVQM7xU
2024,gRPF
629,fJ6kr7
2283,1aUdz
3366,FrXnVf
2054,rqHm
824,sdpRZ74
4258,SqzDK
5384,4SPKxW7
3774,k3wflWe
2385,gU14
2586,LIxQa8CU
3235,jQE5L8g
1461,2jun
2573,WE4Qrgh
3992,k66NXh
835,7W1qJX
615,pQzJFD
4381,To79Wa
4737,fz86
1432,XSXxF232
1325,QxbOCDWU
5358,JGnUirux
2093,AP1R3D
4730,p5ca
1321,wRxBbU
5617,sL4o4
3942,Dnqe1x
3905,0VNA
1124,IfcpMrai
463,cN9J
88,Ru1dhe
4756,VKCO
3103,DDqrZL
2676,aM9A6WL
3125,8PoO7e
3523,McoIxS
418,HnMFPN
1431,t6laMmM0
4946,gLGucWY1
3121,4nkfq62
3546,9Tp3Rch
3567,qSrM
2423,TpuHqJU
3172,M7kKVIMJ
440,FEjBCA2
2242,WDVgL
4219,EmSb
184,7GgftFc
2606,XeaQUm
1473,zjQ2
4895,0kAh4LtH
2297,g8M2rn
788,UkpPjfw
639,Z9IprB
4882,1owCS
512,8COALvr
5521,y8Ud
4312,jy2uVwf
5287,3dIWHZQ
3256,EHBmbve
4503,UYgVQYd
5322,AeYr3
315,CzK3lui
2458,6rg2xiY
5101,z6EHd0SM
3928,YvSLyU
5280,d7ZPvEKC
87,bDTVwe
4668,G42KMqE
2528,LKppt3V5
3829,bK3XLz7w
4498,LeRDfoF
4189,4m5Ssqhr
1917,TTEA5q
2523,9hvs7
604,eb9tz
4857,yfwF
3934,yZGit
1057,bCjAb
5076,iZX0fMd
4573,VIsh1u
4905,3nYdgo
1018,54z2OjQU
401,hr3dJJ
2057,1wkQ
160,1vJc7yr7
2923,V06pEIR
4081,MrEzuqtL
4911,C66CZX
4087,LXSY
2077,A8zso
4053,kyYyNaU
5283,lQ61Apn
834,i1Wc61s
1659,UZ8kBRvM
5399,hDzd
3358,StaB
212,nTbmMfRb
2434,b6zU0Qz
148,iIblq
1240,RNGDi
4292,eAjU
4251,R5h8
3132,ZwfL
647,ve2n
2785,Je6V
2411,327fdf8k
4259,UV8F
5639,n7cFW
5038,EejcAkOh
584,yxYvJu
580,VsTsr
2718,ascz
2638,8aUalnZ
4602,OYjsvt
1140,Y7aONyq
2025,R7lPO
2623,JFb2y
1538,bVf0lm
2634,NA1Ca
2142,l74n
911,gFDq
3161,xf5w
5594,lJpD
1876,gIvgK
3020,Z6k3xsr6
4604,kGw5Zf5
3734,tFRkBwi0
2691,J6ct1TV4
1042,WPm2KuF4
4260,FFhR
1733,Qf5Si7
689,pc08PT2
436,BEnHnB
3348,o00bwM
2006,4Tz8
3241,0EGzSq2
5454,khKgT
6,Eq4jAw12
5717,tAZ0bE
4340,EK7n
1175,17j3d
681,niOn
1142,RDNvmB
1067,p4MSNuf
2023,HFZC7
601,JU6Klc8
53,Gl1RB
1884,IEam
1624,Qe4cB
2653,Isa4dR
3194,3vxSnJ
117,Gi2P3N
2941,AbE5zjK
5049,MMKLFOqz
1468,FJ20
4471,31Y5mZX
1230,7cLXsX60
122,U7dbs
3174,TBqf
1867,QvBtvv
3245,DkUl
1236,9Pa8ox5
4878,d4J3Y
1902,vEOui
2289,C2qyQH
1777,WhJGu
3319,NwTLZ5z
4075,aPTxpAT
1483,UWs9oojz
2254,psXlE
5265,4YANI
90,ag6Au
1693,wBz1fbB
4747,obGpS
4853,cEqGRxf
5766,r2YFwZmh
5269,5vVkBz4
4533,a2gBAK
2938,SpeJ5
473,fkyXaQ
5765,j2yKsv3N
779,a08m8FZ
961,o2Z9
704,4OCa
4532,zxy9
3247,QVkG
354,PymbjfYY
648,7UMj6
2433,qldJaTq
5719,8ABTaj7
634,OJ5Lo
5058,23w2CeR
838,g9eWqho
2839,qW0U
370,cxPqxp
266,uSDjc
5625,bMmWgqp
3131,Vdc0Pq9r
1487,qkezqz
1450,J5sX80e
1887,HW2R
107,1PhHex
2682,3AcjbZn
716,k3Sli7
1176,L2qhLya
2314,0vEU
3073,da2Xn
296,xL7P3B2
3501,izOwsq
3238,rHQ35q
5290,Pjlii
1928,vrbVbD
5744,htqw
4483,k491n6
3164,UqEibmV
999,U6u7D
3213,mGK0lNKt
4931,1gnUZ
5133,a1h080U
4004,eyv9V
55,3HteO
3318,GJHFbono
3962,WIxtFkZv
3767,4WXBghj
4366,3SEXTw
1218,5g0cdA
1806,YFzBQ2
426,hO14mAw
4135,mRA3
3329,xkT6d
4032,eW1M
1435,1QzWkUJz
1523,5ejcmC
5588,lATwmM
3625,pGPq
3169,8W9PXg0
4565,n8kEJ
4646,jDNfglc
5430,oidh8Hj
4870,pPDVu
3507,JGNT5Bvv
5830,0cPvQueB
5790,e1BEHqj
4346,WekL
3345,SLDxj
2126,wJ3pt5js
4360,zk8gX
2234,ZhsOrR
3923,USnhT
3687,GBh9F8
445,Mzqg
2686,S8MAVd
1812,r5f2TrkP
2866,A6lBaz
4319,YuKM
1453,LPnX3ut
889,e8UJ8pa
1013,pO5soo
3264,fxLXO5m
3781,ixnNgxPm
5794,efXIFP
4232,BTxmPkf
2635,xrGTPMt
3157,meAUX
1261,LrFVQNO7
5805,bNh91
3236,gQOVl
5605,7OHG
432,8GhUfTlA
3135,3jrMuWB
1338,jnAXVq
5207,4Y6rsnO
1701,A87Xo
3614,lWL9aj
735,IyZsU
5628,qac1Z
4969,JZ9VeYF
276,CEgXq
2323,VbPRI
3701,SNggVPv3
2906,7OEXXk2l
3113,dgzpaz
2166,jxT05
4871,lB537mQ
2339,VWbKHh
1197,QFaa
2561,6Krf5
4607,LtvA
5404,DtYqG
3191,Sw8n
3178,Dgv9Bon
5560,FgJvzq6
1202,igMmDXm
4823,8CyA
3010,bf7R
906,bhljZIy
946,XO7MI
1274,DTFKr8
3347,Bc26aCPz
667,mJXH
146,QKB3R
1019,We0Vt
1421,AQCjfOPV
1127,dAfI
912,8GU9vl
1951,v477y9
2301,VXaj
4496,PBoMp1k
1312,nCajI
5695,pTPo
523,enEBZ4tV
3571,YO98e2p
1160,gS2BPJ
4370,gawN0sSe
5314,zXW3tILB
4200,aOAfnmTf
5083,UIyjGr
3918,m3AAtwvk
5495,nYPqP
425,VvRB8bQ
4451,vwWmYQw
5797,wd0JpVFz
1719,ydhG
4166,gYxzb
4335,HWV9nLc
205,VyyhKe
2798,BoxEdHzh
2585,X44VrdSJ
4908,ijS8uu
4149,K7UU
2856,yTf22x4H
4060,NWBg4f3p
3886,Mrhvof
1109,eV9i6Da
799,HaLwixg
1208,rr8g
4402,gMwWL
2998,paiA
3791,2PshH
1774,v9Oi
2007,Vj1Lc8d
501,gaGAsu
4961,3FlQk0u6
480,emeDLM
5453,6zkF
3336,lZplhh
1587,fnnorQSS
5345,lJV2tHFS
4606,BHxx3d
2679,okfm
4920,3LRp
4841,5VrLN
2954,g3hX
836,D2RtjH7K
602,Lp8O8
342,kMvc5M
5390,yrYho4Z6
4590,rcaka4w
4589,huwVBH
2485,TpbQeC
3093,RKgZw
5110,ne7T
564,LFnY
3242,wPwL
1784,ySbP
4386,828V0
4223,b7dTaT
2892,NRBD0
4598,CfLAmca9
4014,GnMVEJa
1005,RmZBOmgJ
3764,SO2mvI
4378,XXQNWyNh
5013,oxGg
140,AbWFmm
4891,0B7CR4
307,Sr76NaVB
1757,1Nvs3un
1189,3myZ2Fnb
2853,kFpAM6Y6
989,x3ZS
416,Znd2VdA
592,HYXp6v
2599,Waac
1087,lIE4ca
1088,lJPSy1mX
4415,zVoOGhw
2498,78cT1
5148,g2Ir
1293,j6nEo
4992,v42Rniu6
4727,ZvkWF
2082,5M9MX2E
2804,EWnEE
375,kO6rz1sW
2210,i9p8iCsV
2806,oLacTg
4578,NZDHk4ZI
5321,BeqoU
2041,aNuAd
2480,4Dx4wMt
5123,SnMB
2539,nC5C
5563,MsXoT2Zt
1442,Zx342
5833,1Oio
4748,C0U11Uo
123,foWkbT
3396,xFOsDdk0
3502,ktSF2LXw
5548,qtxN
1756,J22APx0S
5363,89sT
3854,mfW4Z
1789,Rl8mmrb
5386,TKNDoOE
4659,5UO3d
5099,zvRWRx7k
1656,0nceu
5641,YaUMUri7
4801,WO2b7jEZ
2796,Wj9CiI8
5549,2z18
3812,zE3wPP4
5473,OsDlDSg
3647,AVTZIs6U
3009,7cCj
927,oHvE
596,jlU1Q
2988,sfJh
4177,UHupc4v
1895,u3Cu
1098,1uGKhm
3865,PfmXChJ
5586,UKB7R
3056,blo76et1
2272,aKDRYJf3
1204,OLfK
2788,wlxp
337,Cj31W
4540,eH8bQNO
545,DAOxSA1
5037,dSTJEleT
3762,bYstm
3340,2g6ni9
5452,2ljWZh
4872,YM8Knpm
5306,YTfm2Lm
782,n9IHxMS
2426,pJTp
3714,X8bc
1188,RSncO
2867,fOgRfZxn
5239,FsZN
3646,MvFC
753,rIlG
4331,ucPz76
1212,y7iE
3136,r9EJtM
5201,ZwygdYo
5266,Yewm7L
3490,fhX202
2531,vXjzpi
4195,kPua0Trn
985,mMmheoAX
3855,reGWWfB
4739,umKFq
303,a6N4NOVM
4936,BRxb
5328,HcGLVSFi
5059,1r9qg04
3616,pfMgC
5745,r7vqc
2673,0gEVpun7
4881,jeqC3be
3845,X2x6f
2330,ZNiUJ21
396,kkvTi
4594,PGE6
344,GXjtj
4021,x8YTuI
1700,EeT9PAaS
890,BXlm
4859,6TMpX
1821,FWqNi
2349,zNPH7B0
4545,RpyXL
3527,kRFyhI5
2459,5Ti7HdCC
1602,qGYGsVQ0
5398,uiuK
3595,KJOsfpag
5493,yWkO5BIE
2209,epelYMUW
5317,qRDfglk
5136,XSvN
3636,bVbHIZ
2685,T1Z3T
3558,WZOy
1409,Frf0jfF
402,AJUm5DZ5
4202,Y3pCEch
2926,YIKH
1229,jwcMk
1926,014CL
5520,UGzmBR
5045,WamSRrAw
1504,yZBP
3797,ZPuFoXIL
3384,uLzp1Xk
763,IJANsBe
5064,mnIC
4549,jej38K
2595,TWOI
3703,SQhRTd9B
3954,DMIJah
3155,XMou
106,p2Bxcy
4178,xK2rV
1112,5AY5De
3326,VgBhHf
2652,dZvV32d
5551,dOy5
3182,fcgdJXs
533,gTSmW
837,OSufHN8Z
3292,J2xjj2i
3486,YsOc
5502,gp2q
3064,bskWd00
2873,t5vXaI9S
5845,kfyrv
83,yagXwzcg
5259,jfes73m
4237,jRQci
1091,0ABG3R
1822,Dn8mV
4800,4ytRra
3993,KtHRAfZ
2205,RhfZ
4874,rUzoKbKp
2683,6Cnulna
149,N4YN
124,KKpBTuEN
557,4CgZbI
548,bRNes1
2249,qlDoXa
2769,iA3s
920,yQ0bi4
2154,ZNqcDZ6
293,uIAyoal
3497,7DIjp8Xc
749,9IOv
3498,TEz1n
4379,PkUzpRe
1141,rXLN9he5
4848,kVLEQdrN
2310,VYDd
2156,Cvz2o7
1552,V97FREt
5501,LB1Ryf
1953,BYbqPoI
3525,qchM
4434,xZDhtYT
5702,rAEVWbii
861,ubbDYS
5202,W45y9Z7
3039,kOE2
4834,WffvE
75,lS1DS
395,RmE1
2912,MiOVh2eE
1722,dRJKY
1508,NmPKTNS
4918,VpSf8g
4086,SCd4kf
2350,FiFs
891,E7HHcS2Z
657,14Ud1x
3650,03siGve2
114,qFA8
3612,1Leulr
5844,dr48
352,8JFwKr
3455,n9usr
2245,3tbO
4536,5tbm7U7
4677,FW9jD7
635,IfcC
1194,uC8D
1426,AIjv
555,OWSaqpp1
2519,5mpkrYC
372,9gN9maF
3373,vPSddqUm
4384,LlipKBJ
496,2q2TW03d
2392,H0wBas
3397,VJMz9c7u
1245,hSGa50
97,LuXGmrS0
361,ehW9
137,kKR56P8
978,E3QvKB
2014,3hRPL
4628,tjmWOvmv
227,vWMQBH
1716,0mos7c
4572,gk9krx
389,FoFSPwsr
4102,gKD2D
1152,chleh
695,5dYkk
3529,CnL2m2R
2497,zLUXEYh
4883,8Fqz83
857,AOuH0
282,uegSr
3825,szUN7guj
3690,N3Kh
5646,7nGG
1566,6C2h
1686,cCxyg
3422,BhIj5t
2027,ZqkKS
2835,bRk3
4768,C29R
1753,tcpn6YlV
3896,6qPpBQw
2486,xT0071r
1351,ewf7
2650,nsfpq
5056,4C6HQOXn
3638,voKXF3
1509,4IgE89
2680,gOyn8
2354,jNINItc
2199,yMhr0C8
1871,m1ea
1897,6VDSTS
1196,qknxvfd
2738,dGVHyA
5491,Y4xESn
4751,XKWUl06
211,4kg0Acf
4633,WE4pD
4218,dpKTTUdd
2183,k7dEfId
3801,V2JGVZ
5806,BepD
3785,NqYAjMe
1612,Z6QBi
770,tKGryA
4403,wci8Q2
4567,YQLyu
4341,KpnMkXj9
3240,gHFKLUo
5629,JLQV2P
2600,5pwIb3nt
3058,PZq6U2fK
4846,4c7wnZa
2489,wq7AQU7
3602,xDIwGW
3008,PBX46
1766,138vbs
5609,6NyrvjD8
2390,1rmz
738,25afnofG
5382,HqpNA
3897,E4gEu
3493,TeJoG
2133,mf49
2412,2OLm5C1
937,ILnXr
4785,oftoPWq
1929,7Zpjl
694,REYKh
2279,m7V22X
4679,b1sd4y
2011,p3WkX
1383,RnKZ
5627,tcKS38JL
2202,u9KjIksk
2466,9ZlXCQe
4246,OyARD3
4128,7CWSXVNV
1064,Wt20L
2720,Sf8Acnbc
3467,YLdEamx
535,9N1RI
3439,4DT58
3217,lNmo
2749,0ha1s
3721,Fun2ek8
5375,LejCT6a
3183,gnXO
5141,vnh5tav
785,scIL
4819,3wmM
2171,Kzc0
1478,jo9r
254,kQ4K
3317,HHji
4901,HlzwFM
2872,kNq9H4sV
4529,pS02xtj
5242,kuHN
1732,tsZ1wWJr
4642,uAnCEdsy
2481,NY5xBCR
991,y1OlgpLS
3221,kRbPJG
247,nA9uI
2735,SL7lm2R
5262,bO2lNV
1459,M39s
636,4CKewK
5034,LO56OBe
5713,rVOef3l
628,YLgHjmm
1413,jd8lufoH
859,dNWQGJ
551,hORnc
2017,B6gVUx7
2081,z6x5v
1567,8ovL4Kn3
3003,rytZNr
5544,m9syXTL
931,iXh3neLY
3624,DMgl1Wq
4146,3vHQ8Jo
2187,HPIurE1y
2342,eMht
5131,Th8zCe
4582,cMHAge
1513,GN1kY0
4288,awMyAk
5232,q8yG
3344,OFr5R
4828,ww5qMQ6
4814,8kSOMo
3324,yEDei3
5640,guZ4Z
3799,wufNMiz
3276,i34KN6A
1089,GT3u9JZ
3332,Anrz
5004,zpNk
1404,PSbi
2453,w9M3
409,XjtP
1773,y3IWv3
1193,P1tVugJ
5832,S9K0G
3353,CRxMhjT
1058,wDru6
4840,A3HfEUZ
2876,rom6Xg4G
1827,WTGt9Y0
311,oPC3G
3740,OVoY
2302,lTqbukQ
3500,wWE2Dz
2925,OkcD
5450,kIKTP3z
2802,e8Gdf
4617,RAcr8jE
1465,JwRdX
255,72yxXYRR
1599,Q14b46
1456,AMw2
4899,zmj6
2889,3Zs2
5562,VT2XLLj0
284,GK1O9Pdt
2517,gULgLi
5073,ZTvVdFP
5307,hwlo
3360,IGN3N2
1547,5fGN4ax
4960,d7PuM2
1066,DZoNm
775,5I7J0Pd
4669,NX05
484,uXYG5RJ
1278,EtnxHxQZ
1137,SwDYX
3924,Dg96snt
2825,1i2z
2248,hWr1eI
3180,JdE51
683,iRr5O5jn
1219,YUki4pM
3538,1H2Gswh
3898,EMRJ
2320,HqEC8whj
5514,Sh31CpP
5732,G96QsQP
3077,RUkA
2315,i0dxPlJF
4376,cZSdFO
3804,V8ri4b
5341,5vhk
4076,8dYhXCz
1583,Y0DW3hB
5381,zTAG
209,5lavi
982,RiXe0JC
3572,7IWVMr6E
2862,5jBihVP
4956,9q42y
483,lDEwsD7K
5440,ub8bUNi
3738,H5Df9
1595,EDzlrzu
1384,H6c9Aw
4731,PFnfRP
5826,JY4Fa
3520,N7OMgkd
41,BkLoW
2157,TKisLl
1961,JMd5bx
1760,gJRk1Ye
4761,k8BWH8S
16,fquG
4362,dST9mI
4088,Lg2wFDhY
3129,fvY6
2793,KTEkIJ
3863,yFDuQH
3828,cOjSYp
4767,XqJCFMB1
4437,DsDF5
5147,sYXjGex
345,Y6JGZkl4
3850,jmmfy83e
5692,yrjA4
5225,kLpx
4419,bCvP6x
376,0F15Z
3214,Y0iL9CQg
3193,MPv6so95
200,lvm2H9
3557,YN4o
4332,j5Qth
4277,Vecquf
2118,bNsK
1267,WXhg6
2028,wWYkK80
5015,okFhg
5388,Lewdq7
4892,NEyHBju
4973,hPMgu
1281,5tzM7n
1030,jGlOw
588,U39VRZM
4811,F6XVQnE
3294,hA8w
613,2B1fdO
1635,EwEeMed
4803,rOr5bO
3892,RPmT
5186,1P1Q9N6
1237,lCcMK
2768,ryxdT
3824,82AOB6
1386,ENiHTwv
3295,LVAAlFZ
5716,SLdIE0
1764,sK1rLTz
2050,P7R2wv
4345,aPzyqoE
3205,AHOQS
4316,EsykNJWg
4519,d86yBQyX
1514,muiqO
1948,AkmBXu
2386,hBja4eBX
5094,oJtY09
3368,8yteDc7
4099,2ySnvZ
4016,1tRT
5431,KSkOgaV
109,qnpGr61i
1750,fDbry4NX
5067,68b1f4
502,7kkCvt
4015,OUSmPmP
3081,3opu
4018,R7oRmC4
537,xD5BOtzG
5366,r1l15tH
1170,uds5xLSB
378,j3Lfy
2055,lreh
1965,I6a6aQ
3089,xCZzAzI
5742,YxPR4V
3521,P9oeBMc
3754,umeM
248,gA0Ih9om
5360,dyfZlGUV
5344,q2UhEQ
1528,cquNh
1511,bxRqtn1
1503,rrjr
3994,HHYDa
1445,Yrh5k
3979,1AM4YHRY
4979,O0T9s
5788,jLJCumyy
3656,2a4V
823,p6hiJ
2578,uj3669mL
2544,qQGanI
5033,L17nvkp
239,2fAD97F
1353,qDKIs
687,qTuda
3280,eiFn
1065,r8ftILOJ
4782,TvAXzOuB
1901,XcwMIb
1791,cNfKb
180,5ruFVVF
5663,2G1PqsX2
5634,YiH70T3
1389,470I
2223,KrZypQJV
2044,wDAh
1976,k61j
1542,dH5Gt
485,ckCc
5850,uWl6zcX
5281,l8aFq
5204,hqXSZ6f
3693,P6Rl
5668,iQHRN0fs
4199,syt0REI
5675,dQ2fcj
1580,utSZyI8
1371,NTa1JgBC
4771,B1PDTNrb
1883,GueQaUj9
3074,45wdJQI
3306,HTXuUlR
1873,v2OCTx0
1211,zOicFt
528,9lvO
5572,fQyRLHX
92,c9NF2AEo
2111,piPX28I
1359,kEIBL
4098,nrUXsPJ
2091,iGFM
3639,xSOw
4813,KCN51
3778,1bYnE
4750,RnQvJ
353,Xtw6sDW
4842,c2fE0
1334,E2GYLq
1918,YHF8p7
1630,ko2mTd
64,EP8V
108,pQYk2AM
2429,IrKTQK37
3383,Jkwtg
703,BAOmH
1162,tMok
3496,YYCcAtm
2175,EUVWtkum
2074,gI4nW65
3864,ppNBZ2Wb
5782,B15IcNyi
3939,kNjp
4965,4b2DL
5074,WeCZ8
1393,9p1jhjmZ
5547,mVBCC
3790,pFTbXeW
4656,lOgy
4317,kT6KxC
4897,Lmsfx
458,d9yBwkJk
3190,b85Fcf
3402,dlCxKo
3104,cXTb
963,YEXkl
2145,6D9sU
4490,8OhUR4oU
1935,mlLXZ0
4173,GLAwcvwA
4993,6cvYjQ
773,uIbCO
371,rztOIM
554,twZFEt
1532,wmAmP2s
5326,Xuslc
1455,LkDhlX4Q
4983,Ajmpn
2666,afoXMept
238,ZybKwcf
1364,UoBSpST
40,IlHKYz
170,wVUOaq2F
452,OjwFmO
1082,Oa0fR9m
702,kARHM
1458,qlDy3S4
5237,D2DGL
2645,UyUipM
5177,RnrGK
4103,qfTM
3192,yK6MG
826,wMHp
4773,spnWn2kn
4643,GhBuV00s
3447,2KKF8
727,6lpK6
1707,ipbKFmz
2329,Sfmh4R
532,c9Be
505,J3K0V
3548,7GX7Lg8a
706,8J8s49A
841,hG5JVnh
1110,CIcjgY4
4631,KCQQ
2488,4TqRjl
806,hEfdm
1915,uPeWGA6w
3342,TwrBep
1801,7Ov16im
3346,OZdBajq
5096,7qBnjk
4480,HNli5
742,rW6lRbqs
609,IgyMpy
118,xgwyOSPh
4281,3FKT
3445,lOFi32
1173,vFRE0
423,HOds3W
4705,xiHHf4
4432,ckSM
3645,9qeQ
3094,HE1x
2217,CWpK4
3971,JPjy
374,Yjpu
864,zn4UuR9
2167,K3evN
2651,HFm0
3610,3Wr466
3592,Knwam06
1129,GufPuro
4793,zngbsM0U
1611,kUUZrsr
5160,laZP
5793,3a3HE
2616,5jLHJ
5534,lZcqIeX
127,LA6ihJ
1914,7eZGyzNz
4365,UAK7
3535,Xy7czVE
4328,8xBIN4Z
3818,WePJfalk
3206,fskahjM
1618,x0Vx0
5238,YAEPXSa
1315,4weez
1934,QaItC
1676,QatNpSy
1865,wlxU
2614,pWOr
1372,MnjI
4889,zS20G
572,pnmmYkFi
5703,z0vp
4806,x1QAK2N
5157,C7wjHmcc
5334,Uhvr
1531,XuYf8p9P
1097,PWwiR
4569,6WH3
699,N1NCa2H
2073,Ev6NL
4079,PydfDkM5
5195,3yVeACt
4795,kSlVd6w4
3659,luKAmwb
5217,UYIUTwZ
4063,ynnO
1330,Ysax3Vy2
844,2cJ3Yt
650,XHz8gj
521,kWFc
1521,ZrayLQ
2512,je3HK
3290,bn65KsHj
2141,2gqnT
2979,9WVltDL
3565,3fQ59O
216,jHrOvu
3955,klB9sn
192,r155gXBl
4630,fTxSI
2268,44f45P3
3882,uuNiyrl
4442,rFQk
2443,V4a1h
4949,8srPe
1484,p0lk05h
355,WPft
3158,JoDMX
4020,UQ3qWrG
4228,auhJ
1896,0BOqmR
2637,GeLx
3091,ifLZl4y4
4324,P1mpT
853,V25k
359,RIkPP
4096,enTUt
450,EKVonK9
4989,lIEIoBrLG
1139,qNqnFSi
4169,0duebq
1695,0Tl01lY
2364,MmQvFW
2195,OFRqW
3376,vdn6mNzc
997,nAfO
3079,qnG5UxZy
5489,hvV0Y
5316,QVZB
2916,9ZD0H169
2915,mk9ZPBbz
3826,LMb0bo
82,Q1XUYNQV
5688,SU3D7YK
70,dF0pCY
1912,h7TI
5567,bJXK
2792,H4oF
1234,X6s41
4790,0NcEeP2
4002,SlF8z
1880,4HzAc
4069,UjfwDtyw
5055,73Kyr
4757,qxW8mMA
2663,OPPRun
4635,L33pc8SJ
5492,QP7C0x
786,Bm6ILlj
5305,NI1oKdF
5091,VpTNJ
5340,Mdls7kN
4770,7oeau
335,JXHBY
5139,VllQH
1095,MdxmL
1100,sU0YEg
5499,QLdS
1214,ey2qFSc
2966,rBHTpI
541,21CJzuKU
658,KqB5Gu6w
4732,1Oq2W6b
3134,8xQhXGN
5583,VEJQ
3162,eI4Y
4421,g84oXgt
1040,hgc3k10
5191,wJuv
3312,h4f5t
250,YelHuz
435,R8mFQ
2381,DdW2J4W
4935,Y5RrxC
4975,XN9Wky
3446,jMAw
5612,2DgAvoj
281,CQbn
4776,zWnvHN
5599,0Sl3D
1541,4frwO
3800,ndSla
2056,HqSGAO
682,xCqI
5412,COsHvtU2
2015,c8Fs6
2642,Aomx
240,zdd5
1696,pTpv0C
796,M9FMs
1741,sXMnqx6y
5251,dUl6SB
1469,ztvo
1840,vdQLRwj3
1220,VvOLPI
2801,4tCaxI
4463,ktNF2Y
5603,PhJNy
3019,n4CI64
4868,WJ7eZpyh
3706,rZI7JEte
4912,yJctH
4186,uA0p2
1668,FGW8pM
5550,mDpDrasb
5451,FJYngx
499,2NRy2nOd
784,1f1QqQbE
1723,htnRuM
5750,OQ3M
4591,QOHOz
1994,WFGEyP
5762,mf88
914,x93B
4210,BwUX
3811,Xl88
654,PEDcwJy
1738,jkrCLH5J
5174,bEi1Fj
1254,rBHiZrK
5505,gPZ63UJ
621,kUlrLSP
1319,8U5cLu
5361,A9A6w
895,zP7GN
1641,OZ8X
525,nE9qfi4Q
1592,e1x77S5
2180,OCXIHJF
158,pSyQ4
5113,iqCOy2qB
45,rdiRYQj5
5715,yaFvoQb
2048,4Ofc4SI
3367,CsBM7b9V
3443,bP9gNa5
1408,WthP1
1590,6Heq6
3015,SwMzFE
2564,Hma01EVs
3334,mEqOTO
5828,M9O5
3717,wk7s6
4685,KDtZcLQF
213,3Si7WJE
2359,ezpiLEC
5643,anL1
1116,Qo9xy
2991,hMuih4uj
4810,A1aKqjk
132,OqeFJ
4626,2pAZg2
4055,uZkcA8mN
4966,NvfVOzy
2172,zRL6
972,ml7CKpg5
4009,9zv7dE9D
5798,puV3
1093,YabEoY
2474,yKjZx1c
4337,P61oBR
3770,Xs6reS
4426,RDTKQ
5203,5Q9mNvnc
46,vdvq4C
2974,jKsJzeBG
1740,nmXCsnBP
2316,7pEtC
4148,SsaJo4
4174,Fi2h
4830,ukXSY
4822,t4K1hR3
3792,cmz1fyO
4136,BfqNt
5843,2vOZEP
4245,eu0UF4G
1078,MgfmrM
2921,rmzybJ
4488,kEJRt86k
1983,NiAaN
4917,JBF4a
1247,tXB0z44
5026,tRmCd
3066,4cCl3
5426,GGoKf9
5604,PxEDs
2690,Oxxs
1217,SQWDVe0
3973,Cq7qs8D
768,gjRPEPvg
300,PbXdDPu9
4293,sFFA
4689,AVO7
4528,9oDkxGT7
1663,z7gR7
5285,UesBYQ
394,VHSBCU
1734,5wyi1Kc
368,Dg9iG
1460,LYaN
4678,EXX9NZEl
730,qe2pcmLB
2656,Gi3HxM
766,eno5Wr3
2090,VenL
3773,sVd4
497,d4YKLAXO
1735,FMmRxvo
5061,MyMDO
4234,m0ve
4786,XSrOSHcg
819,hGraqnno
2654,Douu9bRX
724,eJaK0Cs
3582,JwxTVogG
567,GvR0EB
3545,vL1jNC
207,XlTwwwku
4634,NvAeH
3627,ytICC
208,SZelXTyQ
4674,n3U3r8ax
159,8oP8KT
2572,ltks
4551,U6iM
3335,5htUo2
2340,5yQV
1975,gAqLlw
5302,xarPYIu2
1989,I77A
5796,zCBLA2
1306,Kb7IpgM
3117,F0V2
2230,3jWagDgQ
1809,wzER0
5801,73Ti
575,udQwlCw
1794,gshlNOY
5808,1zChB
656,3ZhFuQQ
5468,j536u
2822,IQsQ5a
3662,LHn9
2492,RlrUiGIk
4816,3QlaCP
2461,xcaTb
153,Y1Ity
728,ijkv
3694,qVv4P
2844,zFwAy7an
4950,r0U7
5180,vbvlZ
5774,SX84V
1258,eoCQHVX
442,GiYs7is
3487,h1e0bv
443,VC0bmC
4211,vtbMojC7
2580,fWYU48pJ
1962,b5Y8SM
1688,fU2Gst
4137,rAQoPa
965,nlHR
2667,dlhgaFtR
2895,KujaEj
3177,LOEuIE
2379,4Jtj
4012,4CVWf4Q
748,UiqZxP
990,Osh8H6F
5348,PONVa1m
882,LSzR
4779,0YZhR
1943,iwbblpRV
5062,p07dqob
2,OFZcZWJ
1743,F9ZxzZ
3116,DaYnt
1054,Q0Me
2672,rRmp
2843,kP2O
177,tfeypSs
2031,mj3XFqGw
1674,D1Zp
4196,k6yE
421,UdkKg4TV
3663,ohgwUYcz
3940,Qg3tvHVp
2699,Kb5J2E7
5500,hFuX8a
3046,7OUoRaU
4543,F2j6PZa
758,s6Jnt
2112,WDsff6m
5144,6z2Jgi
1181,Q3aWXz
1457,1H1o8
1861,NCx6xv
3705,YvhfQagG
547,0Z7JAYx
631,aSnQCCdR
520,3uti1Rn
4827,X5nydt
120,HOegRVR7
3160,pPffF2X
1335,HOVZF
5649,1NpKlc
1000,z5chd4L9
4595,1ukO4K
5700,FjJa
4637,LPERg
3735,dCJlOb4
5330,50tk9U
2318,yhXup
4170,8KANY5QJ
3891,b3ef
1969,hhYavKw
1324,CBVQ
1591,Uq9GaR
3273,s9e6z
5764,WiPb
3305,xzVqQr
869,FvvH
1368,NfKl
5199,Rlsi0NWd
1308,pthima
3494,9trcygQ
4172,moG85
4775,6lwe4ic
366,G4Mee
1061,as97
3926,9a1afL
1448,ztFOH
4269,6lQY
4560,IrwMD
3485,3bv1cV
4327,0mSh5SqS
2227,44anVJh
5738,JLgH
35,BGRFX
3405,U5gXKRq
2976,08FB
168,dEHy7BmY
4240,l2HWfw
4380,L1fpueXn
1960,BEUrvul
1165,uwClO2NC
820,secmaL6
4044,TRu2
2972,RQHO56f
4162,z8M2C
513,rMzp
3176,5w9m
5841,xvQjF
4509,28vBO2
47,LxWVBQ
2414,tNEZB3jX
2639,e1PUzox
65,TJOi9E
5470,Jt5w
5071,4yPU2w
3913,rWrGsCSB
339,7IQi
5619,vavbd
1221,Uc3T
1475,X0DMms9n
5538,0IfmUh
187,VEJZZ
1622,Z9CcX
772,oqafGkZ
4619,V8CS
2147,GHOvw
1921,TeJudK
1479,2eHvpmsj
4941,FM6pfE
5254,YKcbH
5119,hGkXj
152,x4Zie8C
858,cZdHnl
2029,WVF6WYtn
252,iq06r
3644,xi5DV
4544,73ze
3842,9YmIKL1g
2200,QUz7Sw
5308,dfjnV
4062,0wiUW
1106,drqQuqYZ
1932,6hSSjiM
5853,hpGr
4695,YcxSq
1117,yQ55X76n
3836,jqYbYg
5250,Q38zyi
2161,AkRV5rT
934,FfvL
312,eCQWofnl
5184,XdNk
3958,HhNbyK
4131,L9wCI
1341,fse6
4160,FIj703
4377,vqPWI
2083,NA5A
5754,Ia2qK
4538,Pn4S2
3283,kpptf8ef
4474,MMz67
2948,fJjT
5515,6PlsTEmF
4132,hghFtx
4494,ZbEcI
5303,nmtY2
2431,Dzym3hRW
5192,CyUAjj
2703,nHpJkY
5680,dJyaJCM
1646,Snil
2838,86Aarb
4947,fVgp
1360,J2u42
4791,njZbP8
2042,iklH0n
1084,f7D8pRA
2940,DTOZ53w4
221,OnXYnSy
1201,kfgunPQi
2035,mNkBxhvh
3199,TOR5lr
4676,ulS0Yg
1859,gw2EcJV
3222,wNfM
4984,0izGG9
2420,nwV5pxL
3554,tB4x
1502,qXHrbb
956,4wDj
5175,PBbmh
2601,mg933x
5497,0xoYJ0
954,AlNCHN
5087,bdvo
5413,muKa
1984,q6TYHiF
1255,lsGp3
5433,6X5m
5138,UX5M
1837,0Whge
2694,sTiA
3219,u0gnA8pn
4693,QvN7xhlM
1446,YxRxa3zL
411,jAjSQPMj
69,BB3YVXp
2641,K6IR
553,FuFpPcHW
78,VLprFO
77,2MbsjJin
4008,fjLw3
5498,xNrv
5561,SsTC
3372,MDBt
5205,bXDIc7d
2664,K8muI
3601,lO1j
2781,oQcD
4998,AWt3TxlA
560,TnvESvu
1940,y3M9oYz
408,7YWJ
5496,WPaK2D
285,e02Sf
3173,kwoEm
185,eusqy
863,LNYw
1151,GNf1
4372,A6Bic4aV
5278,0pKRrct
2039,theUQAj
5178,hJvInf
2240,4cm3I
1648,5AsLyI6M
4877,jVPsYFz
3469,Ll8c95Kd
2063,wWjsO0tM
3760,xKLcXSO
2865,OUtTp1iQ
1793,hTsGCq
4704,c1UY
3398,G4xtSEN1
3244,Ab4zdw1
3139,SloRm
922,LdX9LXFb
4610,fmHA335
2592,kglh
5053,WWHskb
3255,YoUjY
3584,atJX9R1G
792,vc3pK
854,7erBz
5231,ziIc5Z0
4839,QfUbWy
3952,p9POcr
3834,bx6QnY
1516,OhIye
641,HPEH0vqY
2767,trp7y
4968,O9UnTu
1931,YLjJ
3976,aBEvK
1241,hKVBrqD
5667,LBDs1O
720,iuABRQmF
3470,sweaWIy
3505,g2xAYXxF
5402,DI65
3314,IQL8N0
4298,MvBu
1933,KfMww1jt
4349,cVcU
4948,x3rSw
3514,NDt0
37,kkSvDC
2612,waUyg4WE
4777,J0VyTUwS
4273,xSnTfEf
4073,VOYHx
1279,llvUi7
930,GMqb
1265,KkQM2a
3803,RYeI
4971,gqFPZ
1205,KkD3H
3504,G9nnT
4612,ldDqBy
3728,OEX5
632,3Kns98i
2968,etu1UcB
3752,rh1c1TV
2509,0FBrQ
3743,8oTqYhf
5352,xo3K
191,cNwM
1713,yPhl0rt1
816,eiv5
3763,ZeUq9jT
1415,KooGq3D
698,YX2P
3620,ZZ5b
1148,pihP4KJA
4406,odGmc
2879,2Es3r
1101,Mnol
5556,XuCf
5104,XlBGlG
2697,oJGZ
3506,NCMPllf5
4059,cipickDc
2396,D3d2nS5K
522,HAkCFNJ
4919,c871
1037,Kq6wRqZ
4879,BQkl
2626,3vmn
4243,xil0ZB
1262,pBqYbX
476,duEiW
992,3fdSdM3D
3063,evuEy
4057,BhsE2HP
4715,zSLV8LPU
2671,dv8d
420,85lOJsFb
1765,1axA
230,52ZTswI
3433,OKBRzi
2881,baUJxW2I
4005,Pnt3
4744,OTTm
197,QWDu
4829,51F525p
2570,t7afMzm
5682,98V14l3j
3120,qzy8
1550,smYp7J0
3098,5WdZ6FN
4696,95VY
2084,sH3FX
4343,2Muzig
4974,VnLuE4V
5276,rIx4Jz8Y
4188,CYEs
633,HK3d
113,D51RZq1
4909,ZUDk
1280,PZLshDDr
4725,358oW
2660,ro3tcsPb
700,RudD8
1476,Y4cGb
1679,I9XxwHnS
1634,UhIsNto
2526,0jB2
1481,hmZf
3377,hSXjF
3929,jy4Vv
2530,ndeQD
4109,RCbaPw
2837,VTrraVy
2376,khaED
731,TAwJJe
4238,qrty
491,1ywwD
850,dsDg
3860,LbUp4cfF
4361,p3VmLBNS
403,prUIIPwC
4134,ZoQW4Hy
2511,4uwo
3006,dDYL
3393,QYQKh5P
2737,NLGd
5753,8dxwic9g
3286,ZCmSNCX6
1799,ffiir1W
4214,fRa5h10C
804,g8qnj
1990,KMO9OWu
2137,M13r
2407,Z8xThiF
2072,QZVQA
1191,rBCbRZa2
3114,ojEN
870,Byeg8y
5855,rRdp
979,3icY
2009,Pa398f
4865,ZgE7jEX
431,ZgGRJggj
2212,Irwo1mK
1427,LGyDl
2840,XF4fQ
2219,AR7gL5yv
2753,hmV97I1
2532,BrU54w
2869,Unn1
1655,K8XwMjE
862,XarWeK
1365,IGP3d
1355,91Zd
1232,N4fx
4856,v1cKi
4502,fJ302b
131,Vaury
5040,OhfR
4455,Wmcd
2080,JcwzB
4093,ciitbyJT
4249,xxlXdy
2140,sOAWUjC8
2034,h5OE
4505,2Dz0Yp3
4038,iulW
5380,LTfNoW0c
4517,G2JjvL9F
5711,mSY7
1862,UdgDd5
5758,659O26q
2088,1JzmDXBP
3095,GPdDn
4154,5fcK
2419,Lw7y
3304,RulIN
3146,z2Z52Pej
3106,5m6VxV
941,KbO2ir
5198,ujVtVbU
2870,iOXwm7Z
2516,ioWSTs
1882,Gvyj8d
5632,FHIcW
76,Rs3QU
4309,aupHOf
2184,HgUnf
5504,IU0sBj4y
4233,LPOUa
874,dYTi
5114,JUlgIVHt
1489,RGPn
2995,YryMfwI
4683,enV1quTn
3088,gEl2
955,BLKn
3432,67eFmG1Q
1506,ToKA
3856,zAjpp8Hj
3321,mkVr
3852,rMV5
2000,KMiULOEG
3027,fFi1P
5579,rQxFe27
5558,A60x
5595,P7xFqyR
2624,fGXb6
2604,mzXTA
3033,n0kpFchq
678,CY6AW
318,QjmZhqN
4664,aOBDcUFc
2037,tlxM
3573,uLn6
2636,IluK3KIK
2622,XbBR07Uo
4709,6fVgJ
2971,W3VQnW
4350,PMcKeN
4157,Y9Iop2LD
2110,TFcIIY
5248,D77Xi1C
3215,HEgY1m8P
5240,qvvQG
4356,hozp
85,GhFIr
4274,91GDyDp
1467,NWQ4
2368,mGhfhQc
3361,fyGNr
2741,Zmbe9qB
5368,PZGyShs
5545,rH3Atv
5293,S3TQ9NZy
3953,KCMnO
4703,6pbArB8a
4465,wZrKR
2928,q2okC
926,7bBXkNB
2198,B9Gx7J
2325,mNiH
3386,9l46
2384,N4psg
1083,64fs
1540,yGzimf
3711,IhA1xRje
1942,4NK61GT
732,YY9HOqn
1751,0eG6
1836,wkTp4vLj
277,16kW8
1978,fAAANBOt
1685,BYNIW
1664,OG9z
4393,56L2
2918,nj5X30F
1041,fruKPBG
5616,wwWLR4B
1661,HvyDwA
5050,m8agXXn
3870,IEtpxkX
2611,LiINR
709,bdYEjj
3359,wPRe
3750,FEwQeBmn
5068,ATBs
2681,jDOHIOhV
5046,a6D3fOrs
1505,Uc5C
2447,kNS0Rd
5411,oUsIZR6
2955,REvqXRTg
4584,FFRioU8
2987,cTX1
5601,vVVUgDzY
1192,9jLVH
3888,gXrkTc
653,D3wcFCb
3508,2S9vvK
741,SQBV2
2566,LPhQ
4886,6XyR5Mt
4469,IwylIpJ
5631,Z8ib3nPy
4624,7vzn
4407,UGYc6GEU
5394,JfFLilV
4981,ahrIdPU
2107,q1OB7
883,GMyb
2953,eccShjc
0,4ihu0
5650,dxRTAjPL
2565,SJqK
3904,rdZtxH7
2707,qrwFCjCZ
5233,zhTnN5
5187,baydHAGC
998,x4uFYG
4716,42G5K7n4
3096,Lf0Vfgxs
713,eS9Yw
3024,OKjE51F
1968,OxRZe
1246,CP2BkDxT
4303,TceriD
4922,UHN6AavB
338,rMrB
3118,LFpYm1
795,6Qrav
1119,ZzbRDWv
3288,KP4UfP0
415,H5rCy4b
5701,0jnRPC
1916,vB9tJ6
5286,TeNbxXQ
3201,nm5mgXh
4805,yzhGozz0
4013,azjDQ
530,hkeH
4353,1GT8
5294,M1HfASN8
2345,Q11Mc
3076,Wi0dbllf
3657,fCgu
1135,ogPAe
3626,tokZjNu
4788,jrVCy
5472,Lh64uoJx
1132,qX0ef
1889,qWxrV
4724,ZJhpGgy
2262,p6CF3
5536,hw3lEY
2807,1wGapu7r
1248,KDQUZ5
1422,YTMO
3278,fbq3V
4945,ENCOyn
1758,Hvt1fH
3233,sWivW7N
3697,wK2s
2917,DtoAGbng
2647,uAC9xHAz
1182,XPOAgPd
1563,UFz7shFH
4449,zF5eJWe
4375,cGBMRbjj
3676,J7dEph
884,U3TS
5310,1mpYfGyW
4914,c2Vn0oc
3188,W5btdV
257,O5Qjtl1
4339,QIDQ
2907,HRRB
5336,GCEb
5593,0DBZ
1310,cLnP
5331,JeCJyq
5089,BMUp
4064,eleegp
1463,sD0FdtVi
832,gKaqNq
2770,eSqm2
5820,89n8T
5116,J9Qcc6w0
3450,FEvKL
3331,eKSxP1
2854,8ZPRMK
4082,TcALF
3223,nVNM5g
818,iW0SxJ6
4126,ztsydBt
2070,yRbE
3130,0zh3Pvp
570,ucTD
3964,kLFuwB
3787,BixZQDi
540,odSf
2211,wsCxdwP
1705,3xFBr
4985,bUPjMtX
4116,2MnJ
5471,MGQNU
2548,da4oS
3148,cT2Ax
1099,uj8VzdfN
2823,nbSCBvL
3038,7XsXNgc
3977,35KN
4521,5nPmO
967,L67OExq3
3833,mYzRF
2836,uu8Jij7
2168,HQNnA
3337,5Rtn
4268,p1Xbp
4071,BBhJaBA2
3666,CRCvg4
1416,JTNsiu
2159,g0YW4FA
1340,Smrb
1607,JrmE29d
2559,iEIAWV
3184,l6bNj5
640,UXdQOB
828,bLNN
5575,kNEoeYb
3495,hOWajQd
2890,PsYY
2920,JrX0xjG
4495,4VYiED
1462,pDmpY3
5179,fTzjx0h
5714,UflUGk9
1444,en7jg
3984,xXOXjR
783,8fMQ7Z1
1979,xxGiao
48,YKh8c9
618,cSffbr
4700,WMKF
550,88ZHv
2812,OI3io1VK
2905,upEow
3630,IQosDZs
1062,KU66bz8
1652,Xqo7
4597,zU2Dv
1776,O4ogV
5124,2IIt
4171,loTaJ1sh
885,d6Nq
4042,VmYOEva3
2719,2N2ewwQ
1493,8bgu8nDD
2494,2IlNrH
1105,JPyS4
3322,gKwfB
3197,TfBmm
1825,AcS7L6Tk
2221,YFI7Xv
2986,4TEI
1298,XCGolr
4820,cBOpk
3771,YEEQr
4485,TA1Gyfwa
5508,WGDMsVLU
3997,KixFmc
3805,nVYWNv
2803,GZr7
1419,GHoOWPiw
5683,AFAw
1470,jnmxlIq
36,uiAwzY
2590,RRAAy
3369,H2zy808
3499,JNTf
5102,IUifWIv
5299,sHjbk0YT
80,gG9cC
268,Q9H8ulO
1839,M5pqnGOf
519,OLLv
4072,ZHtt
2317,tfgQSFMc
5432,P3qO
2931,qiAkJ
1309,Kz5dOT
4091,c0YOB
1576,Cz7R8z
5823,dkFBWz
3796,Km59vROT
441,vQtpI
4003,GVDFuV
1115,8ZMj0
2888,DbqA04KF
1650,qk3zdsR
283,0Zi0Au3v
3196,14mLV7Q
1017,U0OV0XF
2716,UoIO6Ajy
4799,D5Jb74w
2439,EvJNqBKr
952,mKj3K
1114,rGSgsyx5
5659,fgfJ
3786,VN92EjnJ
23,U8s8
3482,oHb7nQQ7
1762,wVNgWH9a
3434,zh5VJ
649,362zBt
2114,IfUfx
5542,rlOF
1981,zeAL5yr
5151,CZNx
5353,pnKd
1500,uJH9uX
2286,gwp6Xb
1102,ZN5Cb
2632,VWOi1cBN
750,TWDAxn3h
2824,Rbyjfg
3431,7JH22
3556,9IE0QKJ
2173,UzLL
4934,theW0X1
1911,7PBO
3972,JBB9oWN
1613,rDwiyg
1491,zXwrGm
1745,CMx0BQ
5840,rMEOY8
3808,esO5
892,xHg76
752,9ReauDG2
3069,c7Kqw
404,qxW2
1268,N56hiWF
58,msDnq3k
679,yP7Tp5L
2659,UZcJtO
4138,P82CGo
1562,oSgy4Nb
2306,WDmM
2860,mWPoFPQ
2418,z7syl
4040,zHMwr
4896,vvBbhxB
1031,ZbjH
5355,ei23xFSj
913,7r51
3839,Gys71uF
178,0V8V
174,DElvQ5
214,yyort
1056,J2SKQQ
3316,X1mNlJ
1314,sdNbq8
291,5cUZmull
1227,xknTTJ
4220,QaESaR
2046,rCUSHhd
3480,QOOd
2045,kmWLdl8r
5109,TPGgBDn
486,cSZXj
1999,roJNFH
4452,We0txX
4728,lDMGx
5781,KBBt3
2391,plUSLe2
2274,GxK2
3698,K2Ni3X
3827,x40UtVv
984,4HSun
4655,ug5mqE
4525,nMVHx
4065,aelQfJx
4900,PXbo0O
3218,XSMfvk
2228,ZioPZnV
2828,Ocz2O6wM
391,Biz4f
4119,aMaXfZm
676,m1yn1
4431,1OhS
2181,i9aA
2337,ZeZTBS8
2799,OzER
2273,xHayN5e
714,NQuD
5817,PqB4U
4391,MvbBi
3991,oQWOl1k
1154,zdE5pOm
886,yCewV
4457,1cfL
2933,BOmJItJ
1949,HO7JUlDi
1739,K5SSGIs
2831,rvnE
1004,t7AJSv
5181,FM3mTD
4089,puKuJSi
2244,WHZxy
1507,A6Ous55
4623,UplVYByZ
4247,VwVHZh
549,4eQS
4464,WUpd0YQX
3986,SbPxC
4054,Nxnzz
1570,BLuME
1908,WDaaFmJ
620,hAV7iWdF
4227,ys17El
4225,ZqNFB
3084,BtzoLK1
3102,BKbI1
81,s0hEaXsX
5848,8FPZx
3737,l2F5e
2276,zGxfq2rG
2711,TkHq0D
3555,ne0wRqA
4627,PJVI7
4388,NT6U
3489,oAEesHw
975,Jrjx5Lu
1283,rKgdQw
3970,xzYWJ93F
3679,S5d6
4531,RBuM
878,2BvZD
4045,EjzUQNz
4095,NmrsTadL
4453,SGnqg
3186,HVGcm
1026,zfwFwW
3981,eSD0
2625,AfXjs9kI
3543,GqNC
3685,syLe78
5213,i1JJ0l6
637,uuzsHN
3047,PWkHq
4769,erg4
1356,5nbDa6Fz
2819,MCqR6
362,Z08r
4657,2Dv2rcD2
3648,S6UROZ
3629,sz29Cv7
2144,tzPq0
5462,dMPUWR9
4753,XzGIAe4
5362,ssBPrJrg
2633,QqPHe
2282,sFCxBNua
3389,LORusyr
5819,pEpR2e2T
1604,qg95h
5707,v0IbD1Le
287,ke1L
2264,qu844
3875,E3vkmA9
4611,QhuS0
1810,vvsY
1104,i1bB
5028,DcBL
1010,9ULP
2275,Smy22
5623,1tnQogi
1216,qg111
4168,aP4DAUn
5861,Krt0
4351,t1Iq
4282,GRSelG2
5256,PQ28I
3600,ZMQ1
4972,2U2tT
4305,Y4FHyg
494,lPVlldH
4271,jec7mgo
4527,r9DoL
3550,gEogv
3479,ZjByX
233,aeu3k0
459,EDK3gH
4030,0Rxi
2584,N5HAy3W
1327,OrDs
4876,50s8
4256,yZl8Ryel
2026,1fLFBuKZ
3843,UsKROnrs
2483,nMtCaLWn
5484,ds4u4uZq
2449,4uFr
2022,Y6sG7HZr
5718,rWLtce4
231,tZkYaJay
2761,xmjRt
939,FyYU0s
4491,wFF7c
600,kCs2
3841,KHjy
598,geOVUyW
1011,xgsHijZ
24,O19HLR
1111,aIE4g1QX
455,VM50kdtp
2631,UGaDXGVg
2546,xO5lW
2472,d5Vlclf
1021,yQAsf
1130,wNb5vQfX
871,8Ux0CCmz
3057,lut4Clui
2778,OzQF
3720,c0k9FkUU
3168,YCHuTPK
4836,O3f9
2491,uvd0Nola
5795,ndHO846
5729,Pxziz5c
444,ZkN1
4564,RNt4Cmg1
2338,zzPd4Bj
2897,pW5sBoSW
264,fBIcOyH
4320,e4kf
4212,PFIi0VxM
4100,TL4zW7Z
320,71L48
4925,tDnGpxx
1226,mygn
4049,sZGKmj
2705,c3O3HIl
3067,MZSWv0g
4084,yMzWL
3651,e99LL
3002,5MDA
1670,FoXqOm7
761,LgAoMMNe
3807,8Zoh
2817,7eSZxd
5342,mWJXP
4390,cscQ
3143,yX8g1
2343,IFJpHkI
4967,oEgYdXs
3569,YbVUkdJD
4706,LnO97
5524,ifMCajs
4765,2BXndmF
5249,UXDNmRmn
3375,QSHK
1781,kcX68OA9
671,LFB3
3053,t3G65
1894,fjv2TqOO
4684,jgEoP
1998,EBGFQ0
3370,9bpBH8
2371,SugH
2852,QaRgR
697,M8Kzlbe
1936,8RqZb
3943,J444MdOk
288,KVN3cX
3468,uDNuXrGh
5445,G3pUHls
1658,bFfhTuGJ
1993,YJqdkks
482,YJAvO9cK
1852,12MfkLp
585,f5Re1
462,EyUM5Yy
388,xuyX5II
2421,SbHUL
5482,fwOOb
4852,RUwR
947,yqF43
903,ROTN1oIg
2226,TPrELzS
3605,kn1SX
4583,MI1wzUIU
59,K9qg
1482,3CgOt
5661,TU8gIx
1724,Og9wj5
940,eVGJ
4860,wqv6a
3072,icqAx6dU
2922,VM7AJdlj
3423,BIEeZ
2960,5LuNMG
4903,4jL5Y
932,G9TcF
3516,ANGcWA
1556,01MeZ
5660,KqJcs
3795,UGftbx
1305,dsFOGAI
2239,w0tfznB0
718,vuQtjK
3437,HaSRFwpV
3906,MHoLQ
574,XjUuaA
4621,ZKxA
5188,3Kt4R
5624,n8wu
5396,zRHon
5108,UXbBFMwy
4781,1i5pgK
5566,T4z28QM7
95,piDLOR
5255,T0d1rd
4080,e6QB9Q
5097,jGW1pOf
3606,onQAD
960,WMSvPbFC
4221,ejFg98G
1677,kXTy2
5171,I17Lh
1788,KoyXelBV
101,sXTZ
2588,KZ58
2134,FdkGdOeD
5041,BdZX0
1096,XY7fe
410,vyZ5zxQ
1146,uZiJ
4001,EK20x
691,madNXscC
5461,BFRp3qZm
726,o1oXa
2919,qQGVk
2704,T7SKHb6
348,eCivx
4182,d01imNi
5813,HFW3S2n
5571,0kuP
1578,9cBmqKt
4158,z8l4
1285,eadkD
5690,cnhK5zxM
5429,MCoi8FSL
2092,y4Xi59Y
2397,pfcASWm
2740,oPk1c
2374,ltgEhGck
3378,2iWSmrQ
4286,ZrGOMBE
3108,qohpQz7
4147,ZpXwp4Q8
614,fibo
2469,c2U9QYV
562,q1CL1Km
5789,su6u
2887,Piqs
5709,2GBV
3587,bZzb9ZJ
2288,M1nLK
4427,qPBvOcrC
4733,Qj74rf
5522,NBlIAv
4404,6G4CsHm
4939,qugzzJ
526,W0OMqXxF
1834,j6TC6h
2002,jExRf
3471,wqbnA
2250,naLT2VrT
3070,pDnF
1598,iwkIJ3
4858,1Auz
3110,KWrdSz
3022,Rwv1
1775,fXFmIK
2102,HHqPewsH
624,4nNlaG
4713,FHtniXGQ
4500,FUA4MM
4845,XISPT1d0
4552,jWjDY
4745,wTVa3
3036,9u75
3459,totOh
17,iAduLIKf
3768,GrXG
5767,dW8m
2410,KnZTvo
1551,Cp4LL
2896,9GITvUUc
2170,rLD8ubnH
1828,RgPUnRO
223,fUpc7D
2030,jWMEFUNt
4558,ROli
5686,naaf
2413,VHAsFeTi
935,eUzfig
3339,ZFHq4EZ
1772,EvzY
607,2SIpgC
2782,zeR15Np
5483,W8TYWhk
4759,kqkvWAgL
662,e79D
5354,HwgIMN
5095,tOM44
4267,QAca7W
4325,QewGQ
1673,ChaLVe9
4648,QrYKttQ
3061,JNLYofun
193,eyXD8Wa
3140,Ay4mh
3338,J53EIXo
1420,lkFc
3262,nB3G4J
4229,ky4qIGS
3611,Da8LAC
4085,M3C9
4662,BWOlk4Q7
821,XeZm
2071,N63fFlsC
1123,DCDhZ3
3,7hsvSSMT
3853,DuDk5XCA
1786,i29WVFB
3298,BeuWc7
3296,DhDqfkYK
1847,lqcYrvU
1651,Jgqst1QP
771,bRLTiK
4742,UApW
12,BkRkuGAt
2524,la7Z
2398,d9hgrr02
3719,gwaEt
1034,pf9mWvBP
3330,5VsLB3
3258,m4u5b
1256,JpPqZC
4953,wse5dE
4108,J6Oi0wm
5002,AxsI
561,mpDAo9
4461,Gmzjclr
2132,DIRoOBAL
4673,uZUscf
3012,747WDNt
1573,ayN1
4719,PYPGr5bo
406,IZvyI3S
4185,JMu776D
4127,nRvNHWdQ
2692,vtHm2F
868,NxSB
4408,Uwht1CqL
3772,dfJD3b
1485,CLN7
1269,zjL2y
1660,bfqVtvJg
675,6nq2t
2510,kZ8UjFs
1832,CbBtT
5436,Mt3CPN
5804,rKiG
1905,yiEdO2
2726,DZQN0
3175,GTVB3
134,LzTwqLvb
4145,Y5YIB
3357,6P3eEjK8
4367,LvMgqg
672,75vvWJf
1397,uarMHf
1704,yKEdQ
506,Ggde
2678,5WUH7Jt
995,j4wzMbI
5608,62WJ7JM
1150,MwjeY3re
1782,n921O
1557,K3XR
5405,VS4D
18,Rhm4ArRU
3355,Nb9iGN
5086,K4vTu
2790,mA8e
4680,n28nGyO
161,WwyjP
1002,lTfnj0Ze
2668,sWdcI0c
1299,gyL5O
2525,NI78B
760,hHTj5m
3879,rmDJA
2855,kX874d
4980,0ekIYDl
5418,YfvJ
2284,cndRKc7W
5696,fI1l
2158,uUT85GL
756,YeKM2D
2553,Ojdh1I
4056,sdlsEj6L
4236,oGAoo
5128,7k7Jen
4302,h5zCWVW
2117,9MtErGWg
2176,Ecr6eJU
3040,l3x3Uw
516,LXjXB5O
5727,0XtHsHgE
3570,zSpOpG
2756,RUkCvfk5
3987,7xtzbCJ
2996,8mPfd
1561,2C2C
2732,m6AOC1Cs
2143,o5aAYf0
4663,sY2T4X
3759,Nl1u
3055,1CmpgH
2347,BktLB
1187,7Ice
3755,38sZ
5678,dyLhU0
1291,yiW0Cd5
4019,CizW
977,nZBgDl
2868,p6K3UN
5415,33yB
5159,ag3jltk
2467,z6gm
1288,VP6SIL9t
2235,DcbqUds
3170,ibnp83
4405,yX0wwwt
943,qrrhcK
1036,mZVgS
5513,IR48Wrq
1698,QGuP2
5391,As6vPy3k
5733,gS84
846,xf92
2454,vU5gU1u
2425,perHLl5
4571,TkXZyZ1u
2465,qKh1
5218,k7GPk2
5570,DYly
5827,bzbdZfj
2878,Mt7ti
33,YeBs
2589,gMCIGLmz
3776,JZj1
4203,KyX1Nx
2701,wuq1pi9
1027,GO1a0
4017,B1iTntu
5584,iFjMhY
4603,KtzD
3724,Jpro
369,PryKZ
175,8cxfTR
2816,gdxsItnY
5699,CIy7Zv4
3816,VTvrkKSS
5323,cLKY
1770,C3EW
1411,mf0o3xg
776,m4A7
271,FssYO
3394,Me7c
5385,oNxkgAMO
5814,TD3Cjec
1437,jcdOXha
1158,HeA24l1
1534,VN7WcTN
66,3PQ1
1171,kSuVXx1
4863,ZCweA8
5338,W9dxBCK
4688,VqCniN
263,ymM581T
809,AVE0ws9
5591,hxYiRC6
4447,Or62sW
4644,w8u1
105,H9Z3Bi
949,bt8ry
2762,QOka
3429,o5cA
470,S0cpy6
489,7TcwR
430,HNRy7rB
2847,nPpQuEo
677,D1Vc1
3670,dpeyrMn
3935,GcALnDnV
4534,IXgF
3054,FHIgE
429,WtEQ
5279,z2xz4
3553,DZzfJr
1823,JOAkwa5t
3259,js3nJ
2569,rDNCZei
1526,Cq7p
3387,Bs6EK
2552,I7x3EXJt
3784,Upc8PJ8
2326,4jICav
2886,01P7
3691,QgjWvt
3026,66Ma
3729,e5x3G
5155,af0zLEx
1919,TSWzbF
5648,llPjqm
5856,d802
5007,eymdBvF
308,ztAN
5208,W4BLoKY
2598,GTxWgl3
5642,LxsbZ6
1169,OuHY
3503,3aRHN
536,EQF1
3757,CjLJ
4815,YQfYZb
4270,dhIM91MJ
4400,GgYma
5687,a24GJ6ci
5054,pHo1CA
3518,dwvZA
5092,bQfoimZ
428,0FoOf
3919,guiJ
4654,A2jNc
1711,yeP1RCXH
5773,64vHkpyX
2722,NcKOYK6D
383,d51Y4
2575,Bet6goA
4117,oO1tA
3562,aHqRe
2613,z7Ua
5263,hiVv9
5105,6M4PO
3857,awZUWBWj
5506,ywgnB
3198,R4I6Ax
1048,HEfNqf
3049,SRT0E9
3840,8Jaublfn
2864,gsatU1SZ
4562,714WMY
2815,JcsYeo
1352,2EYRivRN
4714,Pr6jYJF
5731,cJN5Hs
3733,hzG2u
4113,BmZ3Ns1
5635,5eEMmeCn
5465,36vDW
3111,6keS0
4466,Tpzfz1
2845,AJtv
4215,HcUPyTg
1629,kiS0j0
514,tZeDcwx
1888,gnuji
1860,SrDHv
3107,s5mu
1892,7An1OOmy
5226,rV8mq6
299,TSOGEt
2521,l41qFlae
3212,syMTsSCT
3285,ywqVP
1443,GDGXbQ
4261,qdKaU
4338,bqzNb
1003,Lx7cW7
791,Jf7yqM
3957,wfhK
5456,2DG1ry
1266,qYAk
996,AsdeDdGk
856,ZF9TjT
2832,2IV2
2499,UahLjo
3145,gqKtiC
5057,k2dGE
877,YE5O14
2501,6lDG
2504,beooor
457,GK6SZ
1166,Kpih1iNX
4436,cYWuhSEZ
5401,I7BJE
3660,gjabkd
4798,Slsm
4422,BkaEfe
1907,eKHT
5620,Q95JtEU
4284,LeFqXhM
3352,pvgBbVd
3675,H3rYWa
2440,vJiMX
3519,2C2C
1596,zBUQC
4681,T5uingKF
986,AY69
1126,8WxAb
3315,6KBSM7
3541,HPuVeJFj
5125,dZJpcwsP
3228,DsKI9n
4702,rJoOVT4
4787,UrXE
1387,IzWcL
349,eUkSyVXr
5140,wc3xA
5525,pZseS8X
2360,pyTEbx
2135,eNvkc
3779,evW88FI1
2401,rwYDwi
145,Q3fk
1471,V81HGJhL
3032,CvrSZ
5257,qFvOZ
4207,Z2of5
27,9XqbVTB
4344,BZVz
1302,iRfvGRbd
357,mZrARc
3270,6j1efxtq
218,I6cBfo0
3127,ZkdBA3h
3848,2ynh
4904,qITu
5130,yDXmqVgo
5424,cgqF
1436,xQXek
4875,qwDO
142,YJZv
273,f4Uv5L
3474,iDY4SB6
1159,Hq60bpab
4333,Za9b
5082,xiFHlm
2696,8h7t8GfE
1684,nWMqp
5029,3CNW
4428,NIZU3K
5749,Hj1u14ji
246,sBuKEfM
4915,dbHx
4978,kjMT5uif
929,pdIxJ
552,qmjb5iPn
3661,29sEFh
3579,jHlapw
5516,uYZzX7
5836,sS5MK
1609,u7FuL
3959,mvhDN
3492,A95SLiVo
397,8Vdt4bRx
310,IxOCyk5
384,DvWnSZg
4283,OqpK
793,mSWWR
5478,wKS7nN9
2335,zvli4cjU
670,9gegw
98,9fobzZ
1846,pgaiYJ
2238,4gY0
1678,gBYWacTS
1977,an17Bj
5669,qD6WIjQv
2225,zTijdQmt
948,CdbnU
1637,Gm61
645,H80a
129,cG8V7s
5735,6O1ZI
3704,Rm54z
5153,iQsTnYA
3680,KwF86yl7
4808,8xaA
5576,nWNseFW
4348,MvOJz7O
4183,fjHfQk
1492,OUuBPU
261,c09K1
5075,NciXF
1886,9Zm7F25
176,KFDMC
4279,uREU52oe
3475,lLP4xb
2503,RuFxWHBt
4163,Y5D6q
3302,bWFkC
1103,TCqQ7
3442,WRcmb
2305,MtY6D0o
1569,4qBhF
2898,Mq0N0D
668,fGRb
2294,7H85cuV
4181,15V5vm
4399,DLtUVD
1863,8TXQuda
810,fgQr
173,VvHmkt
4522,RfA4S
1536,PVY6NMw
4614,4wGNrSc
1689,RkEZ
3200,QXNw
2266,HKADPQk
3867,jvJy
2043,lrjw
1903,VNAhkOBe
3552,0H6D7aS
21,LjmO
5582,hqN3qfaM
4928,4RbcW
581,PERV
419,tyfK
3149,sSgN0E
4104,gz6MzCTZ
2336,kpvh8
4028,VdYAdS
739,px5ME
3426,0weq
5651,MQaz
5847,gA0SYZ
3128,5FcOvw
156,T6nzE
1636,qq55p
3297,wXw9
866,ysi03
3588,EjVihoa
3868,sGCxS
4921,T5cbc
4723,2zloIlKs
2148,4bqpHp
249,qee3
322,ZU171WTu
2536,1yA2rhE
1671,MkXK
5455,PQfmnz1D
5070,JfSLN
4347,tmVv
5488,t8cxy
5475,OIvVjwKn
3303,SWoiqj
5636,YlAkU
4755,oocm
392,bgCQt9
5526,jQhONL
745,Zh6nU3p0
2206,vKdx2Hp
3967,HYN8
1546,RnXBIWC
701,qIcQHml
5737,ufTZ7KX
5282,POMP
559,1DA7
91,Wlno3xT
3167,TF4YRym7
1244,qM7yb69
2665,tHAojt
655,L41WT
3668,NewU
325,TfnXDbUb
4940,pHj2
2734,O18BE4B
2115,RMnHc
5539,fCKtu2
5694,RAyjJ
2475,h3hjXowp
4710,mPqwkaQ
5741,vWihcY
3623,Sa7X
1844,OOfV
2304,PvBXkz
4647,yeoS
2484,RcLo
3589,AbhiWz0
3810,eDqr
3216,pllwD00P
3709,gYokrFI
1277,eIiVGip
3814,HkABBw
5347,VYWjcfZp
5245,Sp8Be
1402,46KSvL
1992,r2ZVcelM
5209,Jvhd1
5759,WPH6u
1156,x2k6bUSF
4204,20FwRDv
5335,BsvI1F
4435,RyXNTlQx
2313,VHruXl
3083,H8BRRy
5400,6Z7p9CZ
5854,dPwo
2049,zQEq
5253,td8z9
4958,pKOYQ8Dz
680,kgnZC
4125,rhDga
4789,dUHH
1588,T8RikRt
2648,xND3R
1697,u53begC
5244,4PNQ
5118,JlPpIOe7
356,x0En7b4X
2935,iyK7u2T
4336,MKFzt7e
3678,5Y97
2178,NcSDZ
1441,CjadB9
4740,q0BuDGJH
5658,xX89
469,rfc9l0
4310,ylamUhyg
933,arKbtK
1316,rP8V
5219,WYWjHlA
4248,L8cMygui
3766,Ks3m
4880,jO8e1
518,Siz0Mi
2780,CO5f
2723,GA1mhH
5173,8WiPI
1304,baX90p
4429,qRX7z
4942,yWvyKpG
3465,OfQbcU
5078,zuBbc
958,y1k8O
3082,K1iV7M
5446,uRRXHaBk
382,GTaMm
1748,fiY2
1605,0pvbGW
4308,JmGnE3l
5532,AjLE
3718,RuNqgu
4718,4VTFCc9
1709,yv2zH
2961,0Stp
4548,I3xkZGw
2712,lRWw8q
5809,77lP
3323,Zi9Ysv
3023,Z8M2LZ
2981,XhQwPDX
5818,kPEMKFb
5312,CEoCZe
3156,DuDhh
43,eK1U
4530,0wwZeQA
875,CMzn
3062,c1ZM
1749,g3uJj
908,0pACubEF
4153,TJJM7
980,wpqBpL
3633,rcGn
2285,5ldJI8
4201,V2fMA5y
1423,Ow4Zd2Cg
2748,O6O8BW
3741,skIPfIq
1128,xelMvXR
2514,t9eSbBa
3696,ax51
5008,qEhl2eb
573,Spqcfzz
743,lSJOa
3225,Cd45C
5434,5shkR
5568,Fi0O
2062,v8IIipP
5477,BIqBHfc
1727,epiuX5
507,0lME3N0i
2260,nzMbUe1n
2527,Aoaz
5825,F48UbQrX
3320,WcElvYj
5449,qZjy
1053,5aanPGg
4926,wr54U
3539,s5r0
815,f5THEV
2136,6Z4B
136,UdkmmJp
1606,nKhfo
2058,d5JJ
1307,MYmT
241,7P2z
412,ZivKuUbG
3163,BiZOuMO
451,GBTWrb12
4176,jkOT
5320,DsJL
1382,PEZJ
3464,c6n9lF3A
4255,TkyOO
3893,MILCxV7Z
1068,yacDHc
2445,vEw5XOA
5018,lJRj4UQT
4208,fmwqA57x
4869,8yOuZObT
2932,lSuOl
3457,eHV1zJOT
4622,g1LJ
4511,2b81hoQi
1525,qI5n
5212,qYXQSyHE
1970,pTYX
3859,wwJZ8g3
1438,ZkYj2yJb
294,Gho4FU
2764,5WeZ
5607,W97p
5021,oQglkRS
3154,QCi2JF
3664,ll0aJpBf
3861,C8bY
5267,jVCG
5275,SfEPry
1153,tnHQU7iw
1529,oYgR8
3399,ZDFF
2300,eVLp
2490,wPKVV
2321,lsFXT4
2362,cwyJD
3716,53iFl
3894,HIxr
2193,ripdOHi
3452,9b0o
2164,OTnq6NHt
4986,XcUtBp
5042,L0uzbw
89,ryA23kEK
4205,1UsdO
2951,TcwmA
2695,YIlmmB
201,jjUyq5I
3406,fQZUmV
1015,D56g7hdj
4118,APbJIY
2605,NjA9S
3961,DbZj
2104,4igM3OD
1186,CujH
2708,dlNWD6K
1710,Ic9Ig5SB
3914,rhvoS
4068,wFR5i9
330,szdi
2689,VY94BD
4083,NBH9YyWg
4507,HdBVldmn
531,xZxgr
4864,zcxqrg
5414,eyRRJrve
994,fwmT
2571,71Dvy
4988,RqHfCwG
1052,9m4ZNZ
3847,OmO5
594,q40NT
4363,9yJJLS
2357,p9pf1g
3351,hNjd
1955,YWOFovB
4213,qklxAQ
2278,yCw1
2574,LFMR
3607,oldt
5706,T8IF
1311,fkIf
4401,mZrTX8n
3181,y7B31p
4625,BRnC5il
1706,VYfIOMCa
4559,SFT1
2826,eVouMT8f
5697,9JL74k
5722,Zo2OWgf
2319,QZJH
1642,p43w0
4392,xTSKhMUg
427,EvZsu
2821,XPyZnB
566,yjTIQK2i
1858,EtrTpJu
1666,IiOXGfl
4180,H3KG5c
3195,eI1hE
5167,C9TM44Z
696,MXOH
1329,HXUoa8hO
723,ySKcag
5318,Eq4q
5193,qo7q
2670,LGXz
1539,khjs
3746,GYz8x4
2020,4Ue2A
479,VPvf
5654,qEDzH
2367,rtNwY
5523,GBxWL
1785,Eet2
3783,pNrabDLJ
1398,L2xW36IG
4675,vVMydPhY
3462,GIs4d4v
4006,NEeUy
5274,Wkn4RQRQ
4504,Old7aj
534,K76KJKeG
3419,RidE
2730,RplR7s0
3097,UTH7
5152,JUGdm
957,I57ayu
2936,EbGdxSv
3542,nNAgp
3391,1kuHfc
30,UUE3Y5XW
2777,ifMX
2280,8aWxZw6
4832,lN0bcmM
4546,QeNyQ
4417,9dtGGP1Y
1736,bbyVNI
4244,brDoH
5419,VTkkCNa
3922,MzuG3q3
3635,5V8IABr
3677,HR7MaTwA
3436,9OxIX8
1872,9TY3jC7d
4242,VsbpT8Kq
5494,hWbMtQ
2120,qMOCFrw
4887,sGIt4
4923,g9QhMu
5313,BUaB16
579,PJRoYG
4930,CvGiQ5u5
5090,WBbWDt
73,l4md3m
3151,vX3QlCSJ
2602,nkS5Ig
5346,jxHu
2224,MYHOhy
2989,UJJmLMD2
3000,BG4hFI5V
2963,Gu7JwCh
611,QAi1
2085,WZU1
5077,7XKyS0
3532,1uKqr
461,QXRyB
4890,BSt3HY8T
1406,Ojv27VC
380,g9xZsPIo
3438,j7iq5
2608,phweM
2451,R1NFNpST
4599,0SLU6SPi
3430,vjDhW4
3343,9FoBh
3159,k5EsHL7
2182,PKqd1X
4587,YSi8dF
829,nJ38Ycln
1400,ygG3zG
62,XVD9y0
3727,1CZVxATL
242,gRPfnS
2661,QD7IcQ8
5229,dOWsHjFA
3511,NqscVKC
3930,mLWPCq
2139,PW7v
1225,7qzAfti
3272,6TE3uC4y
2194,yovRjm9
5752,5zX
5260,bGPqnBa
1249,Bi6xM
5393,T56VwJv
3726,eKmOxti9
2012,WsWd
4487,j6wTEz
1792,5DOVR9
4667,l6juO3A9
2706,moiZ
5137,L35b6eQ6
5655,jqGfevB
5834,S4GUT
1498,NNim2
2086,ZukcLYH
162,6GBng3
4629,K9UIQ
1726,Km36mA
3692,FdMEI3
2356,ER2iwC
642,l8ERVSRC
2169,qI2qF
1597,5PznFjP
5531,gkg9ZAcQ
3640,97wxHI
576,xzBIG
599,xQ2S
2457,qizhlz
558,rPwve
5527,OdxSSs
2702,euKNFzW
817,KAXR
5031,WZAEokn
962,hdWYRrc
3309,fhXIUyE
198,Obts
2640,Hvir8EMm
5379,RlJW
3744,7EQVB0
5666,0y9mw8j
2163,DGGoo2
1798,h27T
5618,QSBzaEi
4661,pXXfCdQ
2908,2Az5QNr5
79,wfrrejRH
4371,5ZGlrruO
5043,yDat4P
4433,GKDZnEb8
5503,phHYFn
4323,R6v1
4070,PsXTSL
1715,7wRf
222,9ouTAwMp
3248,7eRb
60,UGwNp
1771,zXcx
1322,GKL5
2247,sYn2
5014,P4lHS
9,1CnfpL1c
3509,FnFy8vG
279,SBFhKDrD
5383,PLRrMyIQ
3251,azSPEa
2813,X61F
684,N6h9QM
4526,Rl5kt4z
4066,DnDR
1672,5RP6
2535,wa2p
4754,TM5onO
4300,pMtGQRZa
1388,fEP6GNN
4907,8lxJ
1199,SpTvz
1947,QIFzNj
1243,5pK4e
3453,Oxiex5
5622,7VAs
3819,Ivivn
5376,Y7219nz
1654,oTC5he
71,XLipr
3435,7gmqzq
515,oyE7HrsD
1662,BkgQSR
2713,jVeQj4
2129,SHikfc
4159,t8LK
4520,TOuXO
1222,J0UczA
4112,MxmcS
4129,SKV5Kj
3441,bfk3
1559,Ao7H7m
3831,NRpYih6
5423,ikkO0
4226,zTdF
4717,nnAA6g3
3440,3GD8Lv
5596,ciKc
2942,iIBLtp
4120,ksqnn
1,cPDu
2380,iMrC
3769,1GwXZeYa
172,0NIpIp
1533,i7rIpFMR
2827,Zhcr8Y
1108,7hYjfv
3561,tFmpND1
215,ireHQ
710,OF8Ds
630,npQF1J
1396,N5ORi5Pi
2203,hPZpr9
661,jsKhWBEe
3517,9CSfRfg7
2430,Ve7HIE9g
5182,CfiM
3385,PLSy
1874,mjkwR3
1585,Fx73mo3
1680,LxXb2dJ
72,SPy5
3068,g57QzOGn
2460,3iCnDXe6
638,Bdwb
5689,VpKu
181,7ODhhSJ
2857,10BbB6e
5277,hNJDPV
3261,CS5IL
4385,QSh5b7Y
4151,wqjp5
1608,dYcJe
2993,T2f3Sg
51,7Bhy9i
5406,pplk0
179,O13FCP5D
2259,LMnsNa
3925,OhodtKR
5858,jHD0zs
326,sVx29t
1228,Due9
830,cdAty
1891,Qip5x
194,QLZf0JU
3165,InjfiK
4410,iVxSLV
659,DAdsd
517,DHkl
5065,NszXx
2106,o2EhzE6G
1594,Jx4MU
5791,hEX3YVTd
4933,fuFJiGS
2067,47yMdmTq
3126,rxIq
3830,v4OGy
4666,q2O6iG8b
1881,Zzoy
61,ubk0nP
1575,oeNw
2567,EWGH
4334,uMPGF5
3642,dks9z96Y
3123,KvtA
3427,OMIlbq9P
5132,4Y7UZHE
4241,4BnF5pa
5356,6ZrMt
4191,GdzX
2437,nHn7Uw6
1560,6lV8Dam
3681,OOynKu
1039,s2DsOcYu
2005,PDPpOADu
1477,PyIIyVF
331,tsxWMPm
2746,CcWEtLm
2733,fCgDY2tj
5712,XuF7
1702,8akc
5072,myFdJQq
3354,x4hfup
3862,GjDON
1007,Kj8qHd
447,I13D
5421,9NshtAHh
3654,RQ7C
267,uaAgD
1746,HtS6
5142,xiHCcD
2277,UGL7Flxq
777,WoWlt
4802,zsD8CLMJ
5135,z6Nqs9y
4445,qxzruh
5512,afgON
454,gzsMXpoS
4726,oBXGoA
5467,9kVAyl
719,nXG0W6EH
5161,1RbYE4
733,FPs5NDqo
219,RAQhJ
3289,ia7o
167,H4n3daD5
2646,ZJxg
2994,CWArnbKL
4554,YklH
4516,W9ZjF3PD
1816,miPk
3920,1sPULA
4216,6R8f
3761,caW25
4187,xThr1k
664,7qTr
3658,LpEVfBoT
2959,Q3Pye1
3903,tDIh
5857,WFerQrMp
2191,0xBaIVu
1381,vHbMT7
1851,Lvp5Wz
2383,vJbuyB
1854,tSROz
4097,iPczvWdm
4893,Od1g
5165,UKeYWgt
2577,ktCFCn
1350,tSUM2Lv
5373,Mr1KGJ
2216,0gbhc
527,bXGS4K8S
5252,3s35j
5578,hZM8C
1033,GMBtQv4G
5585,Vebwz
4034,nS7MOF
4556,63s3
3756,Zcre7
4486,s3sVNd
3421,oe47
881,j6Kj
3948,UAK6
2978,DWdPU3Z7
1282,SuKM
673,BDCa07
4035,AZta9OCA
1275,wJ24
3975,zTWO5
1272,GWv7GH
2984,PxnUK
2438,Z3gF
3409,DOPy
1906,NPUc
1051,uB20hP
1252,ofN91se
3293,QDzW5
4285,HSbQ
5098,YY4oGZ
1454,d4RJQODm
3515,j7NTPf65
2760,eCaCOz6x
2943,voZj9
5592,8mUPm1E
1548,n579UM
2038,PAGKLFxh
959,cypyMw
3844,RUjn
1554,OQzz
1294,F9fqXI
5247,Q77nx
1385,kxdf4mFY
2560,JJ06X
4291,JeB3
3576,SEVDvD
1286,wlGih
5860,SQAdj7f
1610,8JUUBg
350,XNAT9K4
3105,KgNpna
4476,9HD6s
5230,TzOGtGDj
2893,ASklARV
3969,ba6aN
3585,YV5nIpO3
2125,wdUVRv
5721,8vK2UG
52,FEpmAJp
4539,g9F7g
5351,1eTYebP
2619,1IVaZJF
928,Jo08a
1076,KntNUA
5221,nTnC7
3560,kMPhBiF
1833,2SA2h
5389,40GtBn8v
1694,kVZrP
590,kflbq
1767,iWt1p997
5227,MrXx5jsn
4105,effwCI3y
151,ekKorwVj
5273,Amn0
4222,dMQZRt9
4130,xrK3TjFf
4473,XRAs
2970,m6HgY
1582,93Zyn7j
5166,IjtK6TUr
3282,t8LnwVs
347,LBbIzAj
790,GkZXiX
5509,m9cIa
4354,dVSzQg
3404,ryww7V
2165,XOxAiR
186,hP32jL9
3931,vUSZOD
4671,QGe5ZMl
1070,LPeT9
4809,rEyOJQ0f
623,tBFx
5777,7UNLbdz
2399,VcOO4
5392,dxy8lKF
717,fsLdpzMb
5025,lcxTKe
1073,YLkz
1301,bTflHOl
5121,zrB2YMl
4224,XVHX
2947,xarhKEK3
2334,nI5lO5
617,87CJj
2848,V1cjTq
3873,yjUf5fLc
5297,CaOU2
4838,5N3o7lV
3274,ynWg7D3j
2290,MU9u4L
1060,P19JD
4198,DdqdZ
3817,Wn5Ln
5837,4Oa271h
448,Z47FF
5176,Z3nEx
2725,fq5H
3522,mmzJdZ3
1273,R6HS05jo
3382,968t
860,rHRN
1405,SBNx
1367,EFTWS
5158,jUCO
102,n5I6UC
3211,jhg1PEwx
942,GNK9gW
5024,eKssYq
3815,gqCQL
3263,s07TtGeu
3838,uAEcp
5377,qyROot8z
751,kyXPCg
1572,6gTcxC6F
4358,MBzhEBZU
5194,Wwcm
1878,oWyNy
780,BNW4kVGs
5537,rvpl5KD
5271,m4yBssqs
358,nh89Oo
1669,a2YV
5183,nkJgGO0C
3876,N3wF
5168,b4oxr
1584,Lj5Ua
5100,7wZE6zL5
3014,itVs
1681,CAnkCHaA
286,52NpIj9F
4460,Orjf
3171,SWiSI
4616,Kbx5
2352,gXvgPUc
2096,iMmB
5150,1XdD
5600,ywzur
22,obmmQbts
2629,xMv2WJ1t
1374,GEQUtFp
5812,5u1k
3965,IF9Rp8
2958,dzkLwAn
876,VJvE5kT
5606,ZW0ZcX
3563,hvaL
4797,eTs8WlM
4910,wE3OVOIb
1627,uOQyO17
3448,YQEbmb
5270,LMOQ
3960,gJM7hptf
1395,DAB7S
2291,av3yF
1870,PHI1
4861,rBxJM6
1996,WfOV9GLa
150,49UkPi
4752,zVb89s
3142,uzYQkL8
1954,li5nJD
3809,3KavlXiC
587,1Av8zwkA
3946,FaZNulA
2765,Tz6H
4111,mCEg
116,QllPO
5787,eImPc
4932,3zxrxb
3996,x7XXpFk
993,Es96RyB7
1474,kl0ps8Bh
1079,bc7eSe
3202,AIPCxfe
1195,a5UyegzG
4670,krCt
1957,YsVT
2550,5jrpwS
1815,5yeVfs4D
508,V99snj
524,lCDztQzB
2495,jD68iA
3307,va3hjYIH
593,HhCS2
2596,xGTArVI
237,VlYEq
1178,gmwshs
2542,YpC2ZBmn
2149,3j1Xiss
843,kcbrQ
351,8CDwmro6
2833,UsZXJfUD
1410,vs5q8
666,rLnqawqa
292,CQ7gvAjb
3902,jhdMh4
953,dl5S
1074,eXFOhmCM
4250,NJY1NUk
1971,L5VZ
1145,gr5za
327,eQdEMI
278,pxeNesP
1875,39Dc3DL
3722,bQTGFU
3333,gVdf
133,NWX16nSH
5044,6BEn
1125,xxOrZU
3883,23wjB
5163,fUPA
5300,sCqBU
5673,zo1qe
3048,VCPLcz
2060,ax4kFKZR
1439,KWf5A3
2243,VWT8uE
405,FiXiIXZp
1982,hVwDtfzp
2452,NcmN
5466,uA3Gj
1464,dAdHgV
38,o7zO
4510,Tn0Xl8
2875,rpsG
660,1pzFRAm
1690,S5s6
3890,Ecm1dyg
182,x8wDn
1687,bt3zeiJj
5821,328iYsgA
260,D7kSo
3869,wmwyoBY
4844,iVFoh
272,pAZLHp2N
3551,EidqqE
5543,an67
3400,dOIymG
5311,AvAbzTw
5,zDGMKHy8
3138,Y0mRwI
5480,0fAenvq
3684,hZsIwy
5268,xti4h7
3115,kziK
1069,typ3S
729,hJ46Jv
3789,vWDUJBl
340,SBcE
220,V03u
3311,Lt9iM
4462,90pBJ
5146,QdTQ8eyV
3619,basu3a
4330,rmN8Gg
3150,l3XhVRDP
2540,XilCL
5476,kPzD34C
3413,TNIr
2858,DaGNyPV
2355,7MuLOYL
2649,Ysmd4s
619,HJ3CCgY
1429,4yVqAG3
1807,IODG
1803,0Age
2538,jFPwCiWQ
1848,CfNr3G
707,442Nx1
5371,tZGSTv3
1731,xqL0aE
11,Aj15fQ
4766,E63n
2597,lc4Ei1kS
5598,egckRk7y
4443,JtJU
3279,Ju2B
377,gWd7
2786,daxFt3G1
5760,Zn6S34
529,jxX31VRX
3682,sjpJ
2904,KutCgwpD
801,lT26U
3559,kUsNI
2068,cidZ2
2543,6GepJgw
1075,3ZR5jKC
1417,slILxG0
4833,jeX68QW
721,C4GUB
4278,9B6n
3708,tjKIM
2628,Ol3iU
4508,gIC0A5h6
2236,0MyEU
1718,VNJIka7R
3907,9HcjWa
4058,patbFiH
5011,qY5D1fzw
3101,tTmQkE
888,r9v00c
1842,crfk
3591,L9pqF1Ne
4048,3lD2
1692,dQP4
2311,GlQCTcO
2924,OZDTw
5420,K6apD
5810,ewT4NQy
3051,wRPnUrpw
3466,MoGqGMuw
4418,ORnA4AV
4780,JIxE
3481,4IgbC36
4835,JlKej
2079,LeI8I4
2253,kNDU1O
5799,jRlLVwt
2791,NVJ1Tu
50,rsO9ro
4618,Beys
2810,ykiGC0CZ
328,aWGwGYA
3927,H8RBIYJj
2610,Ifci
1645,9jPPQP
4321,LkUb5U
5681,lnyMG
493,PGEh
2809,knpMa4f
5507,6295l
5557,PLEbf
2346,OGOyyqk
4929,GDUVDbz
849,NNjpGP
1615,QDUS1tz
4837,EDu1Y
4515,GmNabz
3092,nnQGk2Ui
1346,LXyNagF
3461,lm2HPi
5486,oJAwfRXi
2617,QxnrklB
3210,gp8Ty
3220,f2faJzM
1375,GEn1wZ
2052,61ZMI
4440,C7EJY
1449,4UJ1
306,EkTOBY
2751,e3EyH
68,4q7NRSc
3428,s4mxu5
5780,JZiH
4927,WjCY8TB
3586,ZpYO
2053,v3aO9
4289,DJb8Yw1
472,5OIt
5685,XxEQlH
5517,Wy63KRIU
5169,txsO17
1231,pWzUYQDX
5425,kfAh1
1376,A7rRRBDq
3275,La9m
1090,XWqKqL
3350,ujYIgCu0
2018,U8Bch7hx
814,r5VYA
138,JQXi4TCY
4862,tEhvcS
492,gYp5O
4156,lLIY
3299,fGvGt
4067,EqVQ
336,TFAZ7c
5224,E3jQfE
74,TCLN9WGS
5407,q9xg
481,kEzFs6op
3590,IWG0A79
3947,E4aN9y
5610,v1DTkEM
2797,D8bUcwc
147,psjvRkb
387,4IgG6
253,bcqM
5069,u0IBMzF
274,dtDS
4144,OCkVD
1725,fI2iZl14
143,h6W3yy8X
3417,A4pf5
1744,lG9ih
5185,BQRJy
5438,7b2BI0
827,yGXkKbKB
1200,7BUqfK
5437,CyqrpEz
139,L7oC
475,kj8WVp
1920,SIPGRA
608,0ceWRD
4924,GQOq
674,Kj26KFX
3712,DNRl0
56,1zJFU
4329,s6fAX
1866,xun0kk
2992,iv43F
3075,B6k8
28,tF6L9
26,BvoDXCR
4352,AMPff7JJ
3252,CHrVLnrp
4760,v7G2RC
3420,JdBckT
2188,UnzQ2g
1927,CBetLKc
3166,r40i8M0L
950,yNFELgeg
1008,dsB6rFf
4307,Coey
5510,gtwgqYlJ
5785,EhxBzVWy
1790,zbbs4pl5
4090,y4jyMFKZ
1941,ipeAgxF
2496,vLvUBs
2674,i8D7
1893,wdDkJK6
5553,aV6To
3028,iONOnu
1864,nTErAeOo
542,4xqXr
3328,ZpREkc
5442,jrXllxop
4513,6UX2DOA
5324,Lml8V5Y
3732,rqVCzH
275,OYqFG
4804,NFnotC
2351,uj0v0M
4609,i2oYT
5807,JLVe
3748,3VKqq0b
4253,dkL2
3478,l3G3
2930,qTTsmPnh
399,g4bEde
5395,IpJv
4444,zhzoo
3071,j3j7Wtmi
1804,2jn4NPpr
3621,OvhA
1172,JyQYS
3510,wd9wSDh
1250,wJG7YEAE
2331,6j06B5TE
1174,7553fw
2389,tLOK1D
1161,L5PT
2190,d0f0
1183,ZmAf
1014,p3vwchP
2568,Y2vfn
2493,KI4mC
453,xpBO
1072,UtdAPO
2950,xEPBO
3458,cL2w9
5369,d843tL
5740,O1Xf
2758,cUH08
5001,AMXBuKQ
5243,cSrC
5693,rDVGyNT
183,mKAy0Q
1059,L9C1ivNN
5022,936k7wC5
3628,hZyAg2L
4050,SgJTAW
495,UR76H6e
1038,ISwWD9
1006,7Dqxw6g
5671,y5dR
2113,LRzT3W
5530,v5yOqK2
1537,cILPbww
2515,NZgQf
5573,yISh
3758,K1KwBwVR
865,OwaG
1063,sOzaKADG
5613,s1kIE
1497,E1lAXo
2251,lxZxJsz
787,OlBCp49V
4025,a5VZ
3231,LuGrbVG
2051,nJoh
4373,JGVv
4885,1zhkQl
2298,kbzGSst
259,L4I8
1363,DT2f3Hl
976,3sw5
5261,AOcpwZon
5829,8zzxO0
4999,ITzCQk
1349,SfUN
3641,CksOg0tM
2621,3ElXA8
1721,rKPe
3528,MCiuUF
3549,twmo9
4944,kKzxO
2607,fCjOY
1991,LZWU
964,hLOg3
2322,sq4AOh0
5674,Vawb
3526,bo8K
5839,X2aedSZ
3031,v1Jx4iy
5236,cLx1OVG
4037,TAVE
166,s1opnARE
3403,uEL3R29
1496,TdNyu
1380,ngbXLJAJ
3945,i3iE6mQ
5474,jRqN
597,sWvHD
4424,xZXZf
4413,Owcm1
5630,upxt
1136,VFybF68p
1499,mGWFU1
4686,bwUy5A
2040,paykz
848,36OhySZ
4938,pppLj
2415,CpY3MOD
5228,kexwxoNU
1524,ITwN
5093,lZLAI
2909,apFOR
3099,GNmtJ8
625,nM3Fd
2097,1E9FY4
1900,TrroC
5036,afaj7TKm
974,QRkM
2583,fAei
39,Y0NPMfw
5564,qTcHlP
1856,bgWhPF
4458,yCOqK2Rk
4991,mzd0
4,Y32tj3
981,Eddp6
363,sPfjM
583,uk0Tw
3798,FFVcCAKc
5768,tVE9Kf
4818,KAEz7
5726,wYF5
3153,4F2KQ2S
1494,RBKJOg
5416,hHikqt1C
1296,wDWB4
3534,SxHA
2404,ncFcu0kM
1518,X2JUK
5088,r4PPpu
3407,7apd
1044,xAwB3
3356,SiUtj
2739,qF4Y12DL
2293,M0lEb
3731,bKjoapjG
5154,H97y
4264,M7s9xSr
5846,vWNT
5656,f8Hd9ry
487,GF1c9vw4
3597,Et4HPJ
269,ZXu9vYW
3835,qhkU
936,luk0rKys
4964,z619
4315,ERYI
2877,zVqY
2829,97hMqAE
4796,DVjIgXLh
4161,hfPLQ
5223,NSDWZZtz
652,ookBWM
5063,U1gFb
5235,zAAt1EDE
1543,5rbJCq
2715,J8LTV
2131,lxXiyd
2197,UpHMC
3085,4sXm
2105,2irwD9
2444,VGIBv
3581,KEflu
4593,vhYIA4
5802,tNenEc
5676,ylwklzs
5485,aDx4jPtW
446,JG9y49T
1022,Kc3wgcUS
2233,AGaWa0
4389,RgoMv9
4416,fT6UcFU
3577,A3sQcO15
2064,H4RDg
1184,KYRQlp0
232,crYO1
915,HhfN
2609,uA0IluK
851,W0Ar0FbO
3700,lzQA
4470,c3BmhOTo
3710,CUcY
4164,dSywxtY0
3388,VxPNV
2964,gI6l
5831,dTGg7C0c
5626,iTFox
3910,EJqUUn7
5528,I5Rgezip
3806,u3adVg
3209,FKz610d
5120,Djb5
2428,ZjQt
1430,eSVv1r9
1619,3tep47n
433,VYbcqHGj
343,GaBYvYuW
3524,1XzDo2
3029,tS7j
736,upnUkSX
1071,1UNVwZrk
3872,kZnL6gRu
1841,p0rSHf8
3933,cqcLly6
3246,rHlh
2271,A9EWlone
880,QOcNy
2742,1zLNAi5F
2789,ZdN2hY
1344,Rd1j
2747,rFAvFwHv
2207,wzxj
2743,NxHrhg3B
424,wj3pu8
4036,Z1tmGAw
3622,Je5Q
251,63OJu1l
3034,SqP8CNkD
1924,p6HygS8
1997,eehY9FX
5190,OK75
803,1XswqVM
407,N1sY
5115,4HOHLj
5770,N25o
2880,bk8lnwq
5705,kH6fp
130,pJaKj
764,BS5bG
4152,XANr9
1747,3NEXEv
3287,4rBC0Xe7
488,0B1h6xhd
86,DhIqJC5
4990,kpiW8
3147,9VS2xKM1
2783,kn1tJ
4535,KS0ubFN
2179,9R2ONvdR
2851,trJKa
2369,opKGMwr
100,mddb
686,LwThQn
2076,uapp8CE
4792,m1kupzc
5325,fhijuQ3u
971,u527CTJk
4107,xDexn
4749,FrA5
1778,qfpSM6
1581,rsvy
568,dwvwQn4G
4141,s8opNiP
1253,Ot4v2v
847,sRAGZ
438,tZr0I4U
1206,Fydi
334,sUKP
1647,S1auH
5611,yDRMzaY4
2059,EN5Hu
2324,qHqsm
2841,XEkMO
2138,cywht5n2
2849,S9EAhOo
3580,d3kT
1313,HK0vLLh3
1213,mdtP
5679,znStvYM
1811,Nw3tp4WU
3454,I1zIdUn
2842,B3l8j
1425,WwgKqKQ
3775,njQ9Nt6
1164,kIEy
3418,2p6ES6
1414,lvf8vbi
4982,Tdkapb
2863,qlMYpxzZ
813,qLm46
373,goS7QhY
2513,xaYC
4031,UpGMbvo
3547,o2OLhjp
3966,yU2ahgi
3753,zH7e
2237,pYBm0GmW
1023,7kCI7QOQ
5664,lyLu
1850,XYgamKLz
4468,UX0cy
3963,rxr6Qm
5378,ZaPw
4439,SrhSKjBy
3747,tIrFolk
381,lG0PEyNY
4957,NNKxXQm
3152,PNjqDY
5481,MBPDUcCJ
5039,i2DB
4794,c7ECHwtg
3141,oRYs
833,f9Irj
4265,A2xZlr
2558,KFpUu
1667,CCqRa
1913,lqJbaY8
49,PicisW9
3109,zQFqnmVW
3695,JGeUumv
4467,2JRe
538,JYmJn9w
44,l69jR
1640,OggXmTN
5615,wRNGn36P
2455,EZK469Z
5647,bIn1e0I
5670,ZliHq3
2977,ihiRn29
2402,mWI7yx6
3609,BDYXcc
2556,oj9o5bab
3374,Lr37KWV
5638,MiaG
1558,slFS
1138,7jDUwd9W
1223,W8BFEW
3742,HxUA
2375,o6PcBH1c
1601,aSE4
4778,EeeAy
1628,JeDhezX2
165,XzMT8Fq1
2675,tcC2a
1149,npcguO
4640,0YQKsI
3540,Lqskym
309,U2Az1J
414,DuD7eHkc
5027,Dl5u
1577,KiAVd
3999,LVCY8h
5779,cveLz6tS
4397,ETZn6F
1818,wZ2OYEG
1623,EHGrbF
3788,WIPIQPV
1544,5ayHB
969,44vfMXl
163,vvTkH
644,sc1n
5816,5RirqM
4902,5cBCs6
5581,y4z4K
2644,dmMInv7H
3780,ICQr3
3985,SvqcOG
2220,HctGfWI
3300,MilQU
712,O27sj6RM
2214,N0oU
5387,EqzylYh9
4615,YE36QF
665,ILIuV84
1366,UhGE
1899,Xw1BoK
5518,5AMOkGWn
4660,fXEotx4
5747,WEvFYq
2464,Yii3C
3488,rSk7
3688,tRG0P7Ms
4007,QINp
1754,TVDtWmx
3050,LHJhM2c
4217,Z1D07
2554,lDBSN
987,rVOq1Ho
2441,QZY7
34,FRlrvAoW
3203,aJn6BtQ
5030,mD8vI
1224,OAZQxZxI
365,Dghj4
3631,kRz0CC9r
316,UBwz
5103,10QkoqJM
685,CMxI9mQL
1392,beZ6Bz
243,0iBa5
4276,h3iIgKiO
4041,aJgAws
2750,Jpgg7oId
4959,AR8By
1317,ihid
2593,9MaY
5241,oMHMY3h
1626,nvQ7u
3901,3yFN3
539,A9Ze9Bkx
1394,hQWaS45W
2146,xEkrnRg
4299,XEHULb
4192,wuzxV
3410,8EUk
4570,V8W1BQid
3938,baQG
5710,0ifZ
5019,x27SL6m
4690,eI4wGY7m
4873,fRhUMPtO
477,AryzTf
1510,Iwn3
3980,HXOe
67,WP6gXe5j
5761,3zV3
4368,MDugv
1390,pjY0r8
2772,dkJXBkYi
2962,LG0ltJ03
3310,dKAXpvy3
3530,UXtJz
1440,ZRAJoUk
1729,nJKK
1593,qlSISrvc
586,WOBIb
224,gfNELE
4477,iIn0yj5
812,muzNhS
1035,1LUPUPe
5035,vKCkAU
5374,o7OMat
663,PEGnx9U
4691,wa3X6iT
4359,WAsRdjq
5403,Df5jrsOJ
5755,79f7M
2594,Cse7
1020,sjbGLw
1251,AZQukG
5460,v0uru4B
3269,LEIuPEIA
1752,c9YG
1759,ApbDYO4
1853,KmGD499K
1638,G8cb
2066,nnxoLYK
2759,jFF3EXZr
3390,XScv46k
4701,dHhLr
2934,ZpraZE9h
5590,pZ4keBV
4190,uq2VX
1121,05up8
5792,IpugX
1633,IMhGS
3983,YOCh
3281,XUZes8
3968,E9HF
1632,c9SK4
1472,RuLm
3751,WKFRk
4711,FYLjFX
5621,Slh9hBp
873,fpD2Z
2717,545xQ05R
5587,XGV3
1163,vQyeni8
5653,HCcP4T
1923,eFdsKgEt
4826,zJyMmx
3365,UwaSU
1284,hxOIE
3665,XoWOrtLS
314,iDtrG
3179,LA9y
1133,bUzVZMM
1263,Zaar
3025,B3DvI2Sc
265,G9FX
2121,PvjFN4G
4555,8bcVuHs
2529,FYWKXB
781,Murd
4831,8gvhy
4913,OJ05
1433,HxDWHCc
5672,yCDUVu1
4712,dgl7
4479,CRfd
4262,y0ZjM6r
2946,CfYS
1708,yVrMp2i
2965,bXxSILSq
2603,rFnP
2201,kGDQK
3100,mBau
94,LpsnNQ
5746,Oxbqi
4937,d7jr9M2f
2630,urrOun
20,3lIyB
5458,TG6r5ylG
1399,4XxfaDe
4884,6cYM
4121,jXexP
3881,bDAx
5319,NQD8y
4824,O35l
2913,qh94en8p
3575,7aCSt7O7
5367,mHhCV8RP
3271,2YIR0uU
234,9PGHZ
5657,iWvd
916,bpJQUqj
32,grLc1M
983,D9YsojH
2094,kLANjJo2
4411,eQ2dPm
2975,kS0MKS7J
2409,wJ2NLHtj
2463,7lgTBdee
577,V2f5ExFG
4142,yVH7D
3932,QUcyYz
4441,6tEK7M
4094,honj
3227,VDvvs
3672,RlBIQVj
4721,HU1hz
1769,znpiDoJs
2408,0WjYK
5047,rE4t
4825,k070aZHI
2468,Q29fdB
688,VVUo
10,Nc0TKbj
2382,jGww
3416,xjivkeJ
5032,NioMiv2
1029,l3DIs
2130,LInUS
4122,J48Wu
2808,KgKQf
4110,idtOjL
2378,ho1jat
4043,LYEp8Hh0
4850,6r7Vc5vQ
4448,FJkJJUcZ
3080,tcQEAQx
1045,P2ESlFJ
2196,bKLLU5pC
5757,tOU34L
1520,jG2y
4010,iFde
5349,zZr2EnO
1407,ZRwSRc7B
925,Nr50oE
3889,BSGpMilh
305,weqPy8
3713,dxRhB9
1480,21T5i6i
905,LKfV4Qke
3349,hF913
3011,tosC
722,k5Em5LU
1796,1CvhiAA
2549,It0uRx1
2422,thqj8W
2800,53Lv
1357,6XTSF
5644,tAs9XZrx
3249,KEwOA8
5422,kZNwez4t
3234,ccRxuW
1122,n4bt
5684,WTb6CEAp
643,q6OA4
3802,uZaC5N
1600,11any
1868,qSkypH
3044,hGExQq
360,AyrOWW
1653,8nclD8p
2477,kokj
2620,kHkM
606,jjYoM8
1565,q9KnXTg
1107,mSZS2a
3424,6FUS
3689,yZh0
2122,iMkL
4369,VyXuZ4Zd
921,mcQ2qVe
797,O1ED
235,AgPh
1909,xG7a
1025,oKI0
225,GkU6lV3p
4736,ZUbfCh0
478,bNza7r
746,9VnkFKLc
2779,4N6Dkc
3119,ioAv
4023,ep6Ut
2186,Ew0oTKk
909,UrXx
4124,Y935JE
1855,LTku
4167,z460s
2370,iVd1s0QW
1617,wAnZxKF
1950,HsyJaKHY
2363,ZX6E
1318,eUEE
4645,tZV75L6Z
5211,VK3NwZP
904,EQAjkel
379,A5lip
1198,8xis36
1703,M9nxTR7
1742,NvX51rv6
15,Yy1GBZkL
4294,KlWls
2446,4sr6V
5107,UYdgWKFS
2818,vrTKnu7
1869,KgEU
1967,4HFLE
1358,QBez8R
4650,cl8psH
5439,wdqmjX
4322,kMK8xGMw
3239,B8JFa
2366,4Vt6
4620,Vj6yH0wE
5000,QMj2t6d
2985,EANVXzRZ
3593,vDPkYXp
504,fN208B
3921,bxCp
4175,jOQeVB
3043,CK0KFPBU
3137,gFKlg
1937,6VdyN
2883,xtwj
2766,ONUxKP
304,sOYjD8u
2303,JPY2Pvh7
693,a8cIa9E
31,BKdEbC0
887,75aGPP
2353,D9MLW
4355,jejMg
616,3ou1
3016,kifSr
767,rPE9C2
4741,q12kTD
2417,s1U4Ch
2910,WpgP
3266,Jy6E
2937,cUtY7sT
4774,skw94zLe
3596,r4QiW
3257,HoBKD
1345,i3caBjeR
3989,qhlz1W
25,UCZQ2Lm
2373,JF3lR0A5
1571,PrNz
2008,8HOve
944,D2vuB
4026,XV111ajw
789,qjVf
646,IFqEBpXw
2724,gW2eLiwx
3401,upmg3
5134,MaaUP
711,yj8q03
3715,2pNmtKq
2155,af3f
4430,FKwljF
1028,CLuKXN7
4024,4rxY
2232,vKMO
1980,wwtbiXW
556,smbTvkg
