0,4ihu0
1,cPDu
2,0FZcZWJ
3,7hSvSSMT
4,Y32tj3
5,zDGMKHy8
6,Eq4jAw12
7,IjnEiP
8,Lt5y9fp
9,1CnfpL1c
10,Nc0TKbj
11,Aj15fQ
12,BkRkueAt
13,mDXPoH
14,6WkM
15,Yy1GBZkL
16,fquG
17,iAduIKf
18,Rhm4ArRU
19,QEdkguPY
20,3lIyB
21,LjmO
22,obmpQbts
23,U8s8
24,O19HLR
25,UCZQ2Lm
26,BvODYCR
27,9XqbVTB
28,tF6L9
29,aINpoJN
30,UUE3Y5xW
31,BKdEbC0
32,grLc1M
33,YeBs
34,FRlrvAoW
35,BGRFX
36,uiAwzY
37,kkSvDC
38,o7zO
39,Y0MPMfw
40,IlHKYZ
41,BkLoW
42,NsUTSRSX
43,eK1U
44,l69jR
45,rdiRYpj5
46,Vdvq4C
47,LxWVBQ
48,YKh8c9
49,PiciSrv9
50,rsO9ro
51,7Bhy9i
52,FEpmAJp
53,Gl1RB
54,F2VINCgr
55,3HteO
56,1zJFU
57,RuZb
58,msDnq3k
59,K9QE
60,UGwNp
61,ubk0nP
62,XVD9yO
63,cF54PQ
64,EP8V
65,TJ0i9E
66,3PQ1
67,WP6gXe5j
68,4q7NRSc
69,BB3YvXp
70,dF0pCY
71,XLipr
72,SPy5
73,l4md3m
74,TCLN9WGS
75,lS1DS
76,Rs3QU
77,2MbsjJin
78,vLprFo
79,wfrrejPH
80,gG9cC
81,s0hEaXsX
82,Q1XUYNQV
83,yagxwzcg
84,BSkY
85,GhFIr
86,DhIqJC5
87,bDTVMe
88,Ru1dhe
89,ryA29kEK
90,ag6Au
91,Wlno3xT
92,c9NF2AEo
93,9bLAWheB
94,LpsnNQ
95,piDLCR
96,7DPNsE
97,LuxGnrSD
98,9fobZz
99,4kA3mW
100,mddb
101,sXTZ
102,n5I6UC
103,cYIP6a
104,UVajVRT
105,H9Z3Bi
106,p2Bxcy
107,1PhHex
108,pQYk2AM
109,qnpGr61i
110,v0alm3Am
111,PwJ4CVz
112,888GD
113,D51RZq1
114,qFA8
115,l6Bsg
116,QllPO
117,Gi2P3N
118,XgwyOSPh
119,o8dOg1
120,HOegVR77
121,VpWr
122,U7dbs
123,foWkbT
124,KKpBTuEN
125,2HDldi6H
126,ALyfiFPz
127,LA6ihJ
128,zzXOr
129,cG8v7s
130,pJaKj
131,Vaury
132,OqeFJ
133,NWx16nSH
134,LzTwqLVb
135,SIpwYLPB
136,UdkmmJp
137,kKE56P8
138,JqXi4TCY
139,L7oC
140,AbWFmm
141,SrKj
142,YJZv
143,h6W3yy8X
144,mVmGOH
145,Q3fk
146,QKB3R
147,psjVqkb
148,iIblq
149,N4YN
150,49UkPi
151,ekKorwvj
152,x4Zie8c
153,Y1Ity
154,bhnaL
155,Lb3hFO75
156,T6nzE
157,AlMo4MR
158,pSyQ4
159,8oP8KT
160,1vJc7yr7
161,WwyjP
162,6GBng3
163,vvTkH
164,9xGz
165,XzMT8Fq1
166,s1opnARE
167,H4n3daD5
168,dEHy7BmY
169,SQJV
170,wVUOaq2F
171,klw7
172,0NIpIp
173,VVHmkt
174,DElvQ5
175,8cXfTR
176,KFDMC
177,tfeypSs
178,0V8V
179,O13FCP5D
180,5ruFVVF
181,7ODhhSJ
182,x8wDn
183,mKAy0Q
184,7GgftFc
185,eusqy
186,hP32jL9
187,VEJZZ
188,s2YbcHaP
189,Mr5itB
190,O77uRZW
191,cNwM
192,r155gXBl
193,eyXD8Wa
194,QLZf0JU
195,aF5hhFg8
196,JYe3u
197,QWDu
198,Obts
199,aXa1qz
200,lvm2H9
201,jjUyq5I
202,gbKgzBo9
203,2Rogn9Xr
204,WSMz
205,VyyhKe
206,wihTg
207,XlTwwVvu
208,SZelxTyQ
209,5lavi
210,kNu3UWY
211,4kgOAcf
212,nTbmMfRb
213,3Si7WJE
214,yyort
215,ireHQ
216,jHrOvu
217,gaiZfr
218,I6cBfo0
219,RAQhJ
220,V03u
221,OnXY1nSy
222,9OuTAwMp
223,fUpc7D
224,gfNELE
225,GkU6ly3p
226,TtN3t
227,vWMQBH
228,EBqwKxYi
229,AjOKSs
230,52ZTswI
231,tZkYaJay
232,crYo1
233,aeu3kO
234,9PGHZ
235,AgPh
236,wKkAkTR
237,VlYEq
238,ZybKwcX
239,2fAD97F
240,zdd5
241,7P2z
242,gRPfnS
243,OiBa5
244,EXOeHL4
245,HLNDZIo
246,sBuKEfM
247,nA9uI
248,gA0Lh9om
249,qee3
250,YelHuz
251,63OJu1l
252,iq06r
253,bcqM
254,kQ4K
255,72yxXYRR
256,Gycx
257,O5Qjtl1
258,Oywf
259,L4I8
260,D7kSo
261,cO9K1
262,OhI0bu
263,ymM581T
264,fBIcOyH
265,G9FX
266,uSDjc
267,uaAgD
268,Q9H8ul0
269,ZXu9vYW
270,hj0ts
271,FssYO
272,pAZLHp2N
273,f4UV5L
274,dtDS
275,OYqFG
276,CEgXq
277,16kW8
278,pxeNesP
279,SBFhKDrD
280,GRe2
281,CQbn
282,uegSr
283,0ZiOAu3V
284,GK1o9Pdt
285,e02Sf
286,52NpIj9F
287,ke1L
288,KVN3cX
289,i2Eg
290,90rhgIM
291,5cUZmull
292,CQ7gvAjb
293,uIAYoal
294,Gho4FU
295,VZBWBd
296,xL7P3B2
297,tNSc3
298,vExe
299,TS0GEt
300,PbXdDPu9
301,dVwAfi2Q
302,xoBef
303,a6N4NOvM
304,s0YjD8u
305,weqPy8
306,EkTOBY
307,Sr76NaVB
308,ztAN
309,U2Az1J
310,IxOCVk5
311,oPC3G
312,eCQWofnl
313,AI8f
314,iDtrG
315,CzK3lui
316,UBwz
317,jRV1
318,QjmZhqN
319,5Tap3
320,71L48
321,DaV2xv
322,Z0171WTu
323,JNX1D11
324,NLfEQ
325,TfnxDbU6
326,sVX29t
327,eQdEMI
328,aWGwGYA
329,ohJ9m
330,szdi
331,tsxWMPm
332,DxDkQ1X
333,e8Wl
334,sUKP
335,JXHBY
336,TFAz7c
337,Cj31W
338,rMrB
339,7IQi
340,SBcE
341,VjWyZ
342,kMvc5M
343,GaBYVYuW
344,GXjtj
345,Y6JGZkl4
346,HCEYz7oW
347,LBbIzAj
348,ecivx
349,eUkSyvXr
350,XNAT9X4
351,8CDwmro6
352,8JFwKr
353,Xiw6sXDW
354,PymbjfYY
355,WPft
356,xOEn7b4X
357,mZrARc
358,nh89Oo
359,RIkPP
360,AyrOWW
361,ehW9
362,Z08r
363,sPfjM
364,pDjFXiH
365,Dghj4
366,G4Mee
367,5gilvS
368,Dg9iG
369,PryKZ
370,cxPqxp
371,rztOIM
372,9gN9maF
373,goS7QhY
374,Yjpu
375,kO6rz1EW
376,0F15Z
377,gWd7
378,j3Lfy
379,A5lip
380,g9xZsPIo
381,lG0PEyNY
382,GTaMm
383,d51Y4
384,DvWnSZg
385,i7AnhR
386,gi2LOTK
387,4IgG6
388,xuyX5II
389,FoFSPwsr
390,tFyGALik
391,Biz4f
392,bgCQt9
393,dKbJ
394,vHSBCU
395,RmE1
396,kkvTi
397,8vdt4bRx
398,p6GinVOI
399,g4bEde
400,eFsZ0SdW
401,hr3dJJ
402,AJUm5DZ5
403,prUIKPwC
404,qxW2
405,FiXiIXZp
406,IZvyI3S
407,N1sY
408,7YWJ
409,XjtP
410,VyZ5zxQ
411,jAjSQPMj
412,ZiVKuUbG
413,7tOG
414,DuD7eHkc
415,H5rCY4b
416,ZYnd2VdA
417,PL8PD7ot
418,HnMFPN
419,tyfK
420,8SlOJsFb
421,UdkKg4TV
422,XI3w3Dqw
423,Hods3W
424,wj3pu8
425,VvRB8bQ
426,hO14mAw
427,EvZsu
428,OFoOf
429,WtEQ
430,HNRy7rB
431,ZgGRJgjj
432,8GhUfTlA
433,VYbcqHGj
434,DG6uF8Zf
435,R8mFQ
436,BEnHnB
437,cTULrL7
438,tZr0I4U
439,pU54Q2
440,FEjBcA2
441,vQtpI
442,GiYs7is
443,VC0bmC
444,zkN1
445,Mzqg
446,JG9y49T
447,I13D
448,Z47FF
449,vWRpy0q
450,EKVonK9
451,GBTWrb12
452,OjwFmO
453,xpBO
454,gzsMXpoS
455,VM50Adtp
456,16oBac
457,GK6SZ
458,d9yBwkJk
459,EDK3gH
460,JiWBj8
461,QxRyB
462,EyUM5Yy
463,cN9J
464,qPYv2
465,nQS1rIEN
466,KIgp
467,HZeP6
468,q7KwTaA
469,rfc9lO
470,SOcpy6
471,6ltVW
472,5OIt
473,fkyXaQ
474,ZV5K2eh
475,kj8WVp
476,duEiW
477,AryzTf
478,bNza7r
479,VPvf
480,emeDLM
481,kEZFS6op
482,YJAvO9cK
483,lDEwsD1x
484,uxYG5RJ
485,ckCc
486,cSZXj
487,GHnc9vw4
488,0B1h6xhd
489,7TcwR
490,heqy
491,1ywwD
492,gYp50
493,PGEh
494,lPvlldH
495,UR76H6e
496,2q2TWO3d
497,d4YKLAXO
498,YayCG0
499,2NRy2nOd
500,gU3np
501,gaGAsu
502,7kkCvt
503,IkmwG
504,fN208B
505,J3K0v
506,Ggde
507,0lME3N0i
508,V99snj
509,2HBIg
510,s55q
511,HOakOr
512,8CAOALvr
513,rMzp
514,tZeDcwX
515,oyE7HrsD
516,LxjXE50
517,DHkl
518,SizOMi
519,OLLv
520,3uti1Rn
521,kWFc
522,HAkCFNJ
523,enEBZ4tv
524,lCDztQzB
525,nE9qfi4Q
526,W0OMqxxF
527,bXGS4N8S
528,9lvO
529,jxx31VRx
530,hkeH
531,xZXgr
532,c9Be
533,gTSmW
534,K76KJKeG
535,9N1RI
536,EQF1
537,XD5BOtzG
538,JYmJn9w
539,A9ze9Bkx
540,odSf
541,21CJZuKU
542,4xqXr
543,DvQM7xU
544,955n3kv
545,DAOxSA1
546,Xy0qK7N
547,0Z7JAYx
548,bRNes1
549,4eQS
550,88ZHv
551,hORnc
552,qmjb5iPn
553,FuFpPcHW
554,twZFEt
555,OWSaqpp1
556,smbTvkg
557,4CgZbI
558,rPwve
559,1DA7
560,TnvEsvu
561,mpDAo9
562,q1Cu1Km
563,BnzTyPv
564,LFnY
565,YZqf
566,yjTIQK2i
567,GvR0EB
568,dwvwQn4G
569,nDEX79n
570,ucTD
571,ROkdC
572,pnmmYkFi
573,Spqcfzz
574,XjUuaA
575,udQwlCw
576,xzBIG
577,V2f5ExFG
578,BD2tr
579,PJRoYG
580,vsTsr
581,PERV
582,NNkg2
583,ukOTV
584,yxYvJu
585,f5Re1
586,WOBIb
587,1Av8zwkA
588,U39vRZM
589,fJBiB
590,kflbq
591,Xprun0n
592,HYXp6v
593,HhCS2
594,q40NT
595,mlOCvPz
596,lU1Q
597,sWvHD
598,geoVUyW
599,xQ2S
600,kCs2
601,JU6KlC8
602,Lp808
603,BS1dpS8
604,eb9tz
605,lC2TU
606,jjYoM8
607,2SIpgC
608,0ceWRD
609,IgyMpy
610,oyKx
611,QAi1
612,MQQEKAh
613,2B1fd0
614,fibO
615,pQzJFD
616,3ou1
617,87CJj
618,cSffbr
619,HJ3CCgY
620,hAV7iWdF
621,kUurLSP
622,gL8SC6Mm
623,tBFx
624,4nNlaG
625,nM3Fd
626,N7a2nWN
627,WVJM
628,YLgHjmm
629,fJ6kr7
630,npQF1J
631,aSnQcCdR
632,3Kns98i
633,HK3d
634,OJ5Lo
635,IfcC
636,4CKewK
637,uuzsHN
638,Bdwb
639,Z9IprB
640,UXdq0B
641,HPEH0vqY
642,l8ERVSRC
643,q6OA4
644,sc1n
645,H80a
646,IFqEBpxw
647,veQn
648,7UMj6
649,362zBt
650,XHz8gj
651,e3mxXc16
652,ookBWM
653,D3wCFCb
654,PEDcwJy
655,L41WT
656,3ZhFuQQ
657,14Ud1x
658,KqB5Gu6w
659,DAdsd
660,1pzFRAm
661,jsKhWBEe
662,e79D
663,PEG1X9U
664,7qTr
665,ILIuV84
666,rLnqawqa
667,mJXH
668,fGRb
669,alwwfia
670,9gegw
671,LFB3
672,75vvWJf
673,BDCa07
674,Kj26KFX
675,6nq2t
676,m1yn1
677,D1vc1
678,CY6AW
679,yP7Tp5L
680,kgnZC
681,niOn
682,xCqI
683,iRrSo5jn
684,N6h9QM
685,CMXI9mQL
686,LwThQn
687,qTuda
688,VVUo
689,pc08PT2
690,4AoW9
691,madNxscC
692,Im4f
693,a8cIa9E
694,REYKh
695,5dYkk
696,MXOH
697,M8Kzlbe
698,YX2P
699,N1NCa2H
700,RudD8
701,qICQHml
702,kARHM
703,BAOmH
704,4oCa
705,474Y
706,8J8s49A
707,442Nx1
708,PRMyy
709,bdYEjj
710,OF8Ds
711,yj8q03
712,O27sj6RM
713,eS9Yw
714,NQuD
715,dNRuM8
716,k3Sli7
717,fsLdpzMb
718,VuQtjK
719,nXG0W6EH
720,iuABRQmF
721,C4GUB
722,k5Em5LU
723,ySKcag
724,eJaK0cS
725,FzGgQ
726,O1OXa
727,6lpK6
728,ijxV
729,hJ46JV
730,qe2pGmLB
731,TAwJJe
732,YY9Hoqn
733,FPs5NDqO
734,4ds1Jp
735,IyZsU
736,UpnUkSX
737,GSinTQ
738,25afnofG
739,px5ME
740,f1X23LTy
741,SQBV2
742,rW6lRbqs
743,lSJOa
744,BH2CAZgy
745,Zh6nU3pO
746,9VnkFKLc
747,AeafX
748,UiqZxP
749,9I0v
750,TWDAXn3h
751,kyXPCg
752,9ReauDG2
753,rIlG
754,iJNFUqSD
755,CeGfhEYC
756,YeKM2D
757,Mt6d
758,s6Jnt
759,0z0Xtm
760,hHTj5m
761,LgAoMMNe
762,p1xhZuMj
763,IJANsBe
764,BS5bG
765,TyDMfowK
766,eno5Wr3
767,rPE9C2
768,gjRPEPwg
769,gP6vyQ
770,tKGryA
771,bRLTiK
772,oqafGkz
773,uIbCO
774,4l2Hgc
775,5I7JOPd
776,m4A7
777,WoWlt
778,FP6KD
779,aoBm8FZ
780,BNW4kVGs
781,Murd
782,n9IHxMS
783,8fMQ7Z1
784,11QQqQbE
785,scIL
786,Bm6ILlj
787,OxBCp49V
788,UkpPjfw
789,qjVf
790,GkZXiX
791,yK7yqM
792,vc3pK
793,mSWWR
794,8Ijwt
795,6Qrav
796,M9FMs
797,01ED
798,Z8mRkb
799,HaLwixg
800,oQ0ms
801,lT26U
802,whimuR8e
803,1xswqVM
804,g8qnj
805,7NYoxVh
806,hEfdm
807,JKQl
808,g14j
809,AVE0ws9
810,fgQr
811,k1NzWjQd
812,muzNhS
813,qLm46
814,r5VYA
815,f5THEV
816,eiv5
817,KAXR
818,iW0SxJ6
819,hGraqnno
820,secNal6
821,XeZm
822,0FceX1
823,p6hiJ
824,sdpRZ74
825,fVA0O
826,wMHp
827,yGXkKbKB
828,bLNN
829,nJ38Ycln
830,cdAty
831,IRnwt
832,gKaqNq
833,f9Irj
834,i1Wc61s
835,7W1qJX
836,D2RtjH7K
837,oSufHN8Z
838,g9eWqho
839,nETRZ9GY
840,lq4dn4hF
841,hG5JVnh
842,YFGf0
843,kcbrQ
844,2cJ3Yt
845,5cZu
846,xf92
847,sRAGZ
848,360hySZ
849,NNjpGP
850,dsDg
851,W0ArOFbO
852,Ujl9tOkL
853,V25k
854,7erBz
855,rRvYsef
856,ZF9Tj7
857,AOuH0
858,cZdHnl
859,dNWQGJ
860,rHRN
861,ubbDYS
862,XarWeK
863,LNYw
864,zn4uuR9
865,OwaG
866,ysi03
867,uDBq
868,NxSB
869,FvVH
870,Byeg8y
871,8UxOCCmz
872,9w1yeTu
873,fpD2Z
874,dYTi
875,CMzn
876,VJVE5kT
877,YE5O14
878,2BVZD
879,04Ea
880,QOcNy
881,j6Kj
882,LSzR
883,GMyb
884,u3TS
885,d6Nq
886,ycewV
887,75aGPP
888,r9v00c
889,e8UJ8pa
890,BXlm
891,E7HHcS2Z
892,xHg76
893,uiUd
894,9mly9
895,zP7GN
896,4VxsTuCN
897,90LqO9v
898,ssKLR
899,2mxsulf
900,m5aUyRH
901,iOkIk
902,gjnW4L
903,ROTN1oIg
904,EQAjkel
905,LKfv4Qke
906,bhljZIy
907,IyLAKuO3
908,0pAOubEF
909,UrXx
910,SIzZ0
911,gFDq
912,8GU9vl
913,7r51
914,x93B
915,HhfN
916,bpJQUqj
917,9n5Kb4
918,ndDMZ
919,dlghZG87
920,yQDbi4
921,mcQ2qve
922,LdX9LXFb
923,8twJpl9
924,FxD5O
925,Nr50oE
926,7bBXkNB
927,oHvE
928,JoO8a
929,pdIxJ
930,GMqb
931,iXh3neLY
932,G9TcF
933,arKbtK
934,FfvL
935,eUzfig
936,lukOrKys
937,ILnXr
938,Payj
939,FyYUOS
940,eVGJ
941,Kbo2ir
942,GNK9gW
943,qrrhcK
944,D2VuB
945,WsxW
946,xO7MI
947,yqF43
948,CdbnU
949,bt8ry
950,yNFELgeg
951,Pvhv
952,mKj3K
953,dl5S
954,AlNCHN
955,BLKn
956,4wDj
957,I57ayu
958,y1k8O
959,cypyMw
960,WWSvPbFC
961,o2Z9
962,hdWYRrC
963,YEXkl
964,hLOg3
965,nlHR
966,7H3d
967,L67OExQ3
968,vRF2w
969,44vfMXl
970,XmI0hVi
971,u527CTJk
972,ml7CKpg5
973,k9mqik
974,QRkM
975,JrjX5Lu
976,3sw5
977,nZBgDl
978,E3QVKB
979,3icY
980,wpqBpL
981,Eddp6
982,Rixe0JC
983,D9YsojH
984,4HSun
985,mMmheoAX
986,AY69
987,rVoq1WHo
988,HNYwFlQ
989,x3ZS
990,Osh8H6F
991,y10lgpxS
992,3fdSdM3D
993,Es96RJB7
994,fwmT
995,j4wzMbI
996,AsdeDdGk
997,nAf0
998,x4uFYG
999,U6u7D
1000,z5chd4L9
1001,MYPK
1002,lTfnj0ze
1003,Lx7cW7
1004,t7AJSv
1005,RmZBOmgJ
1006,7Dqxw6g
1007,Kj8qHd
1008,dsB6rFf
1009,a63kbtKP
1010,9ULP
1011,YgsHijZ
1012,I2Bb
1013,pO5soo
1014,p3vwchP
1015,D56g7hdj
1016,gXssn
1017,U0OV0XF
1018,54z20jQU
1019,We0Vt
1020,sjbGLw
1021,yQAsf
1022,KoBwgcUS
1023,7kCI7QOQ
1024,E9ti9O
1025,OKIO
1026,ZfwFwW
1027,GO1a0
1028,CLuKXN7
1029,l3DIs
1030,jGlOvv
1031,ZbjH
1032,mGuBUXAe
1033,GMBtQV4G
1034,Qf9mNvBP
1035,1LUPUPe
1036,mZVgs
1037,Kq6wRq2Z
1038,ISwWD9
1039,s2DsOcYu
1040,hgc3k10
1041,fruKPBG
1042,kPm2KuF4
1043,6nfAh
1044,XAwB3
1045,P2ESlFJ
1046,jky2r2D2
1047,1v8F
1048,HEfNqf
1049,kgu4n
1050,0jwP0
1051,u320hP
1052,9m4zNZ
1053,5aanPGg
1054,Q0We
1055,FoLOJ
1056,J2SKQQ
1057,bCjAb
1058,wDru6
1059,L9C1iVNW
1060,P19JD
1061,as97
1062,Ku66bz8
1063,sozaKAnG
1064,Wt2OL
1065,r8ftIL0J
1066,DzoNm
1067,p4MSNuf
1068,yacDHc
1069,typ3S
1070,LPeT9
1071,1UNVw2rk
1072,UtdAPO
1073,YLkz
1074,eXFOhmCM
1075,3ZR5jKC
1076,KntNUA
1077,biV4r
1078,MgfmrM
1079,bc7eSe
1080,GRFdmE7B
1081,3qGZd
1082,0a0fR9m
1083,64fs
1084,f7D8pRA
1085,ZhNR21r
1086,k5kLh2mC
1087,lIE4ca
1088,lJPsy1mx
1089,GT3u9JZ
1090,xWqKqL
1091,0ABG3R
1092,pJIGq3v
1093,YabEoY
1094,YVRK0
1095,MdxmL
1096,XY7fe
1097,PWwiR
1098,1uGKhm
1099,uj8VzdfN
1100,sU0YEg
1101,Mnol
1102,ZN5Cb
1103,TCqQ7
1104,i1bB
1105,JPyS4
1106,drqQuqYZ
1107,mSzS2a
1108,7hYjfV
1109,ev9i6Da
1110,CIcjgY4
1111,aIE4g1QX
1112,5AY5De
1113,r1EA
1114,rGSgsyx5
1115,8ZMjO
1116,Qo9xy
1117,yQ55x76n
1118,4IRmq
1119,ZZbRDWV
1120,lypx3F
1121,05up8
1122,n4bt
1123,DcDhZ3
1124,IfcpMrai
1125,xxOrZU
1126,8WxAb
1127,dAfI
1128,xelMvXR
1129,GufPuro
1130,wNb5vQtX
1131,Xp7G
1132,qx0ef
1133,bUzVZMM
1134,ofncd
1135,ogPAe
1136,VFybF68p
1137,SwDYx
1138,7jDUwd9W
1139,qNqnFSi
1140,Y7aONyq
1141,rXLN9he5
1142,RDNvmB
1143,yMGk1
1144,HoQHfH3
1145,gr5za
1146,uZiJ
1147,wDGQQwb
1148,pihP4KJA
1149,npcguO
1150,MwjeY3re
1151,GNf1
1152,chleh
1153,tnHQU7iw
1154,zdE5pOm
1155,45Qj
1156,x2k6bUSF
1157,5h2KtHR
1158,HeA24l1
1159,Hq6Obpab
1160,sS2BPJ
1161,L5PT
1162,tMOk
1163,vQyeni8
1164,kIEy
1165,uwClO2NC
1166,Kqih1iNX
1167,pH2n4
1168,AzpKtZM
1169,OuHY
1170,ubs5xLSB
1171,ksuvXx1
1172,JyQYS
1173,vFRE0
1174,7553fw
1175,17j3d
1176,L2qhLya
1177,Azo5C
1178,gmwshs
1179,hw9vXw
1180,BRXkPQ
1181,Q3aWXz
1182,XPOAgPd
1183,zmAf
1184,KYRQlpO
1185,t5X5
1186,CujH
1187,7Ice
1188,RSncO
1189,3myZ2Fnb
1190,m45iz
1191,rBCbRZa2
1192,9jLVH
1193,P1tVugJ
1194,uC8D
1195,a5UyegzG
1196,qknKvfd
1197,QFaa
1198,8xis36
1199,SpTVz
1200,7BUqfK
1201,kfgUnPQi
1202,igMmDXm
1203,614b
1204,OLfK
1205,KkD3H
1206,Fydi
1207,pfeegnLR
1208,rr8g
1209,TtLXDt
1210,CRFT9med
1211,zoicFt
1212,y7iE
1213,mdtP
1214,ey2qFSc
1215,Q4inX
1216,qg111
1217,SQWDve0
1218,5gOcdA
1219,YUki4pM
1220,Vv0LPI
1221,Uc3T
1222,J0UczA
1223,W88FEW
1224,oAZQxZxI
1225,7qzAfti
1226,mygn
1227,XknTTJ
1228,Due9
1229,jwcMk
1230,7GLXsx60
1231,pWzUYQDX
1232,N4fx
1233,p7ky
1234,X6s41
1235,Y2AzrOY
1236,9Pa8ox5
1237,lCcMK
1238,vIPQW
1239,12Ddzqy
1240,RNGDi
1241,hKVBrqD
1242,yxWo
1243,5pK4e
1244,qM7yb69
1245,hSGa5O
1246,CP2BkDxT
1247,tXBOz44
1248,KDQUZ5
1249,Bi6xM
1250,wJG1TEAE
1251,AZQukG
1252,OfN91se
1253,Ot4v2v
1254,rBHiZrK
1255,lsGp3
1256,3pPqZC
1257,Zsiea
1258,eoCQHVX
1259,diMbKNab
1260,noAltD
1261,LrFvQHO7
1262,pBqYbx
1263,Zaar
1264,r36IyAe
1265,KkQM2a
1266,qYAk
1267,WXhg6
1268,N56hiWF
1269,zjL2y
1270,svg8i4Bt
1271,RlYgrYE
1272,0WV7GH
1273,R6HS05jo
1274,DTFKr8
1275,wJ24
1276,B8gW
1277,eIiVGip
1278,EtnXHxQZ
1279,llvUi7
1280,PZLshDDr
1281,5tzM7n
1282,SuKM
1283,rKgdQw
1284,hxOIE
1285,eadkD
1286,wlGih
1287,kh68YX
1288,VP6SIL9t
1289,WBXCwB
1290,ygipE0
1291,yiWOCd5
1292,7jNly4I
1293,j6nEo
1294,F9fqXI
1295,icHw
1296,wDWB4
1297,tL9xNDO
1298,XCGolr
1299,gyL5O
1300,lItx
1301,bTflHol
1302,iRfvGRbd
1303,GURr
1304,baX90p
1305,dsFOGAI
1306,Kb7IpgM
1307,MYmT
1308,pthima
1309,KZ5dOT
1310,cLnP
1311,fkIf
1312,nCajI
1313,HKDlllh3
1314,sdNbq8
1315,4weez
1316,rP8V
1317,ihid
1318,eUEE
1319,8U5cLu
1320,cJKAp3Ee
1321,wRxBbU
1322,GKL5
1323,F52tveTK
1324,CBVQ
1325,QxboCDWU
1326,QfuHbtp
1327,OrDs
1328,rQVfg
1329,HXUoa8hO
1330,Ysax3Vy2
1331,etIH
1332,nYmdBwpg
1333,nvRBbQm
1334,E2GYLq
1335,H0VZF
1336,6HDA3a
1337,yYXW8
1338,jnAXVq
1339,9taDDH0A
1340,Smrb
1341,fse6
1342,JNUB
1343,XJHnz
1344,Rd1j
1345,i3caBjeR
1346,LXyNagF
1347,415e
1348,gFJhO
1349,SfUN
1350,tSUM2Lv
1351,ewf7
1352,2FYRiVRM
1353,qDKIs
1354,urUC
1355,91Zd
1356,5nbDa6FZ
1357,6XTSF
1358,QBez8R
1359,kEIBL
1360,J2u42
1361,0u11X
1362,0aSqZ3bH
1363,DI2f3Hl
1364,UoBSpST
1365,IGP3d
1366,UhGE
1367,EFTWS
1368,NfKl
1369,Qugz
1370,OVSiR
1371,NTa1JgBC
1372,MnjI
1373,DQNc
1374,OEQUtFp
1375,GEn1wZ
1376,A7rRRBDq
1377,V1OeQMv
1378,MzAy2G0w
1379,uM8RpJ
1380,ngbXLJAJ
1381,VHbMT7
1382,PEZJ
1383,RnKZ
1384,H6c9Aw
1385,kxdf4mFY
1386,ENiHTwv
1387,IzWcL
1388,fEP6GNN
1389,470I
1390,pjY0r8
1391,eqtAF
1392,beZ6Bz
1393,9p1jhjmZ
1394,hQWaS45W
1395,DAB7S
1396,N5ORi5Pi
1397,uarMHf
1398,L2xW56IG
1399,4XXfaDe
1400,ygG3zG
1401,bIHd1
1402,46KSVL
1403,iF9Z
1404,PSbi
1405,SBNx
1406,Ojv27VC
1407,ZRwSRc7B
1408,WthP1
1409,Frf0jfF
1410,vs5q8
1411,mf0o3xg
1412,DZdx
1413,jdBlufOH
1414,Ivf8vbi
1415,KooGq3D
1416,JTNsiu
1417,slILxG0
1418,ovbFa
1419,GHoOWPiw
1420,lkFc
1421,AQCjfOPV
1422,YTMO
1423,0w4Za2Cg
1424,uoJUIuI
1425,WmgKqKQ
1426,AIjV
1427,LGyDl
1428,hNyFKr54
1429,4yVqAG3
1430,eSvvr9
1431,t6laMmM0
1432,XSxXF232
1433,HxDWHCc
1434,GCieip
1435,1QzWkUJZ
1436,xQxek
1437,jcdOXha
1438,ZkYj2yJb
1439,KWf5A3
1440,ZRAJoUk
1441,CjadB9
1442,Zx342
1443,GDGXbQ
1444,en7jg
1445,Yrh5k
1446,YxRxa3zL
1447,UhkFkm97
1448,ztFOH
1449,4UJ1
1450,J5sX80e
1451,oMNI
1452,E0pIQ5Sn
1453,LPnX3ut
1454,d4RJQoDm
1455,LkDhlX4Q
1456,AMw2
1457,1H1o8
1458,qlDy3S4
1459,MB9s
1460,LYaN
1461,2jun
1462,pDmpY3
1463,sDOFdtVi
1464,dAdHgV
1465,JwRdX
1466,w7qm
1467,NWQ4
1468,FJ20
1469,ztvo
1470,jnmxlIq
1471,V81HGJhL
1472,RuLm
1473,zjQ2
1474,klOps8Bh
1475,XO0Mms9n
1476,Y4cGb
1477,PyILyVF
1478,jo9r
1479,2eHvpmsj
1480,21T5i6i
1481,hmZf
1482,3CgOt
1483,UWs9oojz
1484,p0lk05h
1485,CLN7
1486,NhOf
1487,qkezqz
1488,6ETO7
1489,RGPn
1490,qVdqeov
1491,zXwrGm
1492,OUuBPU
1493,8bgu8nDD
1494,RBKJ0g
1495,XLSnbQM
1496,TdNyu
1497,E1lAXo
1498,NNim2
1499,mGWFU1
1500,uTJH9uX
1501,ajkKznL
1502,qxHrbb
1503,rrjr
1504,yZBP
1505,Uc5C
1506,ToKA
1507,A60us55
1508,NmPKTNS
1509,4IgE89
1510,Iwn3
1511,bxRqtn1
1512,zVju
1513,GN1kYO
1514,muiqO
1515,b8HpC
1516,OhIye
1517,YcF8o4K
1518,X2JUK
1519,16nwf
1520,jG2y
1521,ZrayLQ
1522,FoEX4i
1523,5ejcmC
1524,ITwN
1525,qI5n
1526,Cq7p
1527,AseHqP
1528,cquNh
1529,oYgR8
1530,J58T
1531,XuYfBp9P
1532,wmAmP2s
1533,i7rIpFMR
1534,VM7WcTN
1535,fSiBfit
1536,PvY6NMw
1537,cILPbw
1538,bvf0lm
1539,khjs
1540,yGzimf
1541,4frwO
1542,dH5Gt
1543,5rbJCq
1544,5ayHB
1545,lCIYf
1546,RnxBIWC
1547,5fGN4ax
1548,n579UM
1549,nf7ojqp
1550,smYp7J0
1551,Cp4LL
1552,V97FREt
1553,TvB1QeA
1554,0Qzz
1555,aELgXOcK
1556,07MeZ
1557,K3XR
1558,slFS
1559,AO7H7m
1560,6lV8Dam
1561,2C2C
1562,oSgy4Nb
1563,UFz7shFH
1564,86Z4
1565,q9KnxTg
1566,6C2h
1567,8ovL4Kn3
1568,dlCOY
1569,4qBhF
1570,BLuME
1571,PrNz
1572,6gTcxC6F
1573,ayN1
1574,qZjjj6I
1575,oeNw
1576,Cz7R8z
1577,KiAvd
1578,9cBmpKt
1579,85Hd85B
1580,utSZyI8
1581,rsvy
1582,93Zyn7j
1583,Y0DW3hB
1584,Lj5Ua
1585,Fx73mo3
1586,UlPXRdFW
1587,fnnorQSS
1588,T8RikRt
1589,WmgWbZh4
1590,6Heq6
1591,Uq9GaR
1592,e1X71S5
1593,qlsISrvc
1594,Jx4MU
1595,EDZlrzu
1596,zBUQC
1597,5PznFjP
1598,iwkIJ3
1599,Q14b46
1600,11any
1601,aSE4
1602,qGYGsvQ0
1603,N7k0YZv
1604,qe95h
1605,OpvbGW
1606,nKhfo
1607,JrmE29d
1608,dYcJe
1609,u7FuL
1610,8JUuBg
1611,kUUZrsr
1612,Z6QBi
1613,rDwiyg
1614,cIkVw
1615,QDuS1tz
1616,iwX8
1617,wAnZXKF
1618,XoVX0
1619,3tep47n
1620,sTsIS
1621,CwHIGycA
1622,Z9CcX
1623,EHGrbF
1624,Qe4cB
1625,ZI4ITXS
1626,nvQ7u
1627,UOQyO17
1628,JeDhezX2
1629,kiSOj0
1630,ko2mTd
1631,Z2Y4JUpI
1632,c9SK4
1633,IMhGS
1634,UhIsNto
1635,EwEeMed
1636,qq55p
1637,Gm61
1638,G8cb
1639,ykKX
1640,OggXmTN
1641,OZ8X
1642,p43w0
1643,MXOVYZJd
1644,SMSCI
1645,9jPPQP
1646,Snil
1647,S1auH
1648,5AsLyI6M
1649,ChkuA
1650,qk3zdsR
1651,Jgqst1QP
1652,Xqo7
1653,8nclD8p
1654,omTC5he
1655,K8XwMjE
1656,0nceu
1657,S4JLL
1658,bFfhTuGJ
1659,UZ8kBRvm
1660,bfqVtvJg
1661,wvyDwA
1662,BkgQSR
1663,z7gR7
1664,0G9z
1665,RiFk
1666,IiOxGfl
1667,CCqRa
1668,FGW8pM
1669,a2YV
1670,FoXqOm7
1671,MkXK
1672,5RP6
1673,ChaLve9
1674,D1Zp
1675,tWpyG
1676,QatNpSy
1677,kXTy2
1678,gBYWaCTS
1679,I9XXwHnS
1680,Lxxb2dJ
1681,CAnkCHaA
1682,PJ7XMGH8
1683,0A5LO
1684,nWMqp
1685,BYNIW
1686,cCxyg
1687,bt3ZeiJj
1688,fU2Gst
1689,RkEZ
1690,S5s6
1691,smfDV
1692,dQP4
1693,NBz1fbB
1694,kVZrP
1695,0TI01lY
1696,pTpv0c
1697,u53begC
1698,QGxuP2
1699,ZJUzdY
1700,EeT9PAaS
1701,A87Xo
1702,8akc
1703,M9nXTR7
1704,yKEdQ
1705,3xFBr
1706,VYfI0MCa
1707,ipbKFmZ
1708,yvrMp2i
1709,yv2zH
1710,Ic9Ig5SB
1711,yeP1RCXH
1712,PxPb0e5G
1713,yPhl0rt1
1714,TsOU
1715,7wRf
1716,0mos7c
1717,6c1u
1718,VNJIka7R
1719,ydhG
1720,3nGXTM0F
1721,rKPe
1722,dRJKY
1723,htnRuM
1724,Og9wj5
1725,fI2iZl14
1726,Km36mA
1727,epiuX5
1728,V1W5ml
1729,nJKK
1730,wUE0
1731,xqL0aE
1732,tsZ1wWJr
1733,Qf5Si7
1734,5wyi1Kc
1735,FMmRXVo
1736,bbyvNI
1737,p9GaK
1738,jkrCLH5J
1739,K5SSGIs
1740,nmXC5nBP
1741,sXMnqx6y
1742,Nvx51rv6
1743,F9ZxzZ
1744,lG9ih
1745,CMx0BQ
1746,HtS6
1747,3NEXEv
1748,fiY2
1749,g3uJj
1750,fDbry4Nx
1751,0eG6
1752,c9YG
1753,tcpn6Ylv
1754,TVDtWmx
1755,4KaFN
1756,J22APx0s
1757,1Nvs3un
1758,Hvt1fH
1759,ApbDYO4
1760,gJRk1Ye
1761,edNNM
1762,wvwgNH9a
1763,79dgRmD
1764,sK1rLTz
1765,1axA
1766,138vbs
1767,iWt1p977
1768,VA1cVV
1769,znpiDoJs
1770,C3EW
1771,zXcx
1772,EvzY
1773,y3IWv3
1774,v9Oi
1775,fXFmIK
1776,O4ogV
1777,WhJGu
1778,qfpSM6
1779,NWVL6
1780,ItF1HxL
1781,kCX68OA9
1782,n921O
1783,RZTqPRkq
1784,ySbP
1785,Eet2
1786,i29WVFB
1787,NGwPUYnZ
1788,KoyXelBV
1789,Rl8mmrb
1790,zbbs4pl5
1791,cNfKb
1792,5DOVR9
1793,hTsGCq
1794,gshlNOY
1795,KkfVFxa
1796,1CvhiAA
1797,ycAmcM
1798,h27T
1799,ffiir1W
1800,cEp5UY
1801,7Ov16im
1802,ioRC
1803,0Age
1804,2jn4NPpX
1805,RimA
1806,YFzBQ2
1807,I0DG
1808,t6h0W
1809,wzER0
1810,vvsY
1811,Nw3tp4WU
1812,r5f2TrkP
1813,MLcR
1814,ugX2m
1815,5yeVfs40
1816,miPk
1817,L3qY3MGt
1818,wZ2OYEG
1819,bzK7
1820,TWsr
1821,FWqNi
1822,Dn8mV
1823,J0Akwa5t
1824,e93IZ
1825,AcS7LGTk
1826,rMSgL
1827,WTGt9YO
1828,RgPUnR0
1829,xe9SeKDF
1830,nbH6S
1831,3kFMd
1832,CbBtT
1833,2SA2h
1834,j6TC6h
1835,pB1j
1836,wkTp4VLj
1837,cNWhge
1838,dV04
1839,M5pqnGOf
1840,VdQLRwj3
1841,pOrSHf8
1842,crfk
1843,fSV8hs
1844,OOfv
1845,yVaUqZAG
1846,pgaiYJ
1847,lqcYrVU
1848,CfNr3G
1849,1279o
1850,XYgamKLZ
1851,LVp5Wz
1852,12MfkLp
1853,kmGD493K
1854,tSROz
1855,LTku
1856,bgWhPF
1857,jVtF3lI
1858,EtrTpJu
1859,gwzEcJV
1860,SrDHv
1861,NCx6Xv
1862,UdgDd5
1863,8TXQud3
1864,nTErAe0o
1865,wlxU
1866,xunOkA
1867,QvBtVv
1868,qSkypH
1869,KgEU
1870,PHI1
1871,m1ea
1872,9TY3jC7d
1873,V2OCTx0
1874,mjkwR3
1875,39Dc3DL
1876,gIvgK
1877,KgDr9uk
1878,oWyNy
1879,S4dru5
1880,4HzAc
1881,Zzoy
1882,Gvyj8d
1883,GueQaUj9
1884,IEam
1885,LL3Sj6n
1886,9Zm7F25
1887,HW2R
1888,gnuji
1889,qWxrv
1890,HleoA
1891,Qip5x
1892,7An1Oomy
1893,wdDkJK6
1894,fjv2TqoO
1895,u3Cu
1896,OBoqmR
1897,6VDSTS
1898,OTGp62u5
1899,Xw1BoK
1900,TrroC
1901,XcwMIb
1902,vEOui
1903,VNAhkOBe
1904,m5ofC5
1905,yiEdO2
1906,NPUc
1907,eKHT
1908,WDaaFmJ
1909,xG7a
1910,f55AjF
1911,7PBO
1912,h7TI
1913,lqJbaY8
1914,7eZGyzNz
1915,uPeWGA6w
1916,vB9tJ6
1917,TTEA5q
1918,YHF8p7
1919,TSWZbF
1920,SlPGRA
1921,TeJudK
1922,AkmR4
1923,eFdsKgEt
1924,p6HygS8
1925,B5ll
1926,O14CL
1927,CBetLKC
1928,vrbVbD
1929,7Zpjl
1930,aERDETN
1931,YLjJ
1932,6hSSjiM
1933,KfMww1jt
1934,QaItC
1935,mlLXZ0
1936,8RqZb
1937,6VdyN
1938,thW0r
1939,61Ek
1940,y3M9oYz
1941,ipeAgxF
1942,4NK61GT
1943,iwbblpRV
1944,jivf
1945,U0X3
1946,qnAq
1947,QIFzNj
1948,AkmBXu
1949,HO7JUlDi
1950,HsyJaXHY
1951,v477y9
1952,OKMask
1953,BYbqPoI
1954,li5nJD
1955,YWOFoVB
1956,5TXMH
1957,YsVT
1958,85EIw
1959,pVUPz
1960,BEUrVul
1961,JMd5bx
1962,b5Y8SM
1963,P2R0K
1964,das6
1965,I6a6aQ
1966,ujwxUM
1967,4HFLE
1968,0XRZe
1969,hhYavKw
1970,pTYX
1971,L5VZ
1972,xMQWvzD
1973,h04btkSY
1974,M5nW
1975,gAqLlw
1976,k61j
1977,an17Bj
1978,fAA4NBOt
1979,xXGiao
1980,wwtbiXW
1981,zeAL5yr
1982,hVwDtfZp
1983,NiAaN
1984,q6TYHiF
1985,Tcp6
1986,nLdSt
1987,5kdLsCE
1988,mXzL
1989,l77A
1990,KM09OWu
1991,LZWU
1992,r2ZVcelM
1993,YJqdkks
1994,WFGEyP
1995,9eooUJe3
1996,WfOv9GLa
1997,eehY9FX
1998,EBGFQ0
1999,roJNFH
2000,KMiULOEG
2001,06NN9
2002,jExRf
2003,jcDV
2004,Nm23u4
2005,PDPpOADu
2006,4Tz8
2007,vj1Lc8d
2008,8HOVe
2009,Pa398f
2010,OQkn
2011,p3WkX
2012,WsWd
2013,rt1jtYjS
2014,3hRPL
2015,c8Fs6
2016,wFh1
2017,B6gvUx7
2018,UBBch7hX
2019,OXnwlx8D
2020,4Ue2A
2021,jjyY
2022,YGsG7HZr
2023,HFZC7
2024,gRPF
2025,R7lPO
2026,1fLFBuKZ
2027,ZqkKS
2028,wWYkK80
2029,WVF6WYtn
2030,jWMEFUNt
2031,mj3XFqGw
2032,fSfG
2033,LS6M
2034,h5OE
2035,mNkBxhvh
2036,HuOnwXs0
2037,tlxM
2038,PAGKLFXh
2039,theUQAj
2040,paykz
2041,aNuAd
2042,iklH0n
2043,lrjw
2044,wDAh
2045,kmMLdl8r
2046,rCUSHhd
2047,0GZgfZZ
2048,4Ofc4SI
2049,ZQEq
2050,P7R2wv
2051,nJoh
2052,61ZMI
2053,v3aO9
2054,nqHm
2055,lreh
2056,HqSGAO
2057,1wkQ
2058,d5JJ
2059,EN5Hu
2060,ax4kFKZR
2061,PEY69
2062,V8IIipP
2063,wWjsOOtM
2064,H4RDg
2065,BejeXoR
2066,nnxoLYK
2067,47yMdmTq
2068,cidZ2
2069,i4UuiEA
2070,yRbE
2071,N63fFlsC
2072,QZVQA
2073,Ev6NL
2074,gI4nW65
2075,mvEJfKXX
2076,uapp8CE
2077,A8zso
2078,YM0Wu5Cf
2079,LeI8I4
2080,JcNzB
2081,z6x5v
2082,5M9MX2E
2083,NA5A
2084,SH3FX
2085,WZU1
2086,ZukcLYH
2087,InSKN1Z
2088,1JzmDX8P
2089,E7YPb20V
2090,VenL
2091,iGFM
2092,y4Xi59Y
2093,AP1R3D
2094,kLANjJO2
2095,4Fc84b1
2096,iMmB
2097,1E9FY4
2098,ED43s58
2099,fArz
2100,FWqJ
2101,R7hqlf7
2102,HHqPewsH
2103,cC3HCq
2104,4igM30D
2105,2irwD9
2106,o2EhzE6G
2107,q10B7
2108,AQnj6ff
2109,nukXM
2110,TFcIIY
2111,piPX28I
2112,WDsff6m
2113,LRzT3W
2114,IfUfx
2115,RMnHc
2116,6GSNwQUC
2117,9MtErGWg
2118,bNsK
2119,SBGCg92
2120,qMOCFrw
2121,PVjFN4G
2122,iMkL
2123,gIwb
2124,8hJLUlOy
2125,wdUVRv
2126,wJ3pt5js
2127,tbOYHY3c
2128,cm6Mo2
2129,SHikfc
2130,LInUS
2131,lxXiyd
2132,DIRo0BAL
2133,mf49
2134,FdkGdOeD
2135,eNvkc
2136,6Z4B
2137,M13r
2138,cywht5n2
2139,PW7v
2140,SOAWUjC8
2141,2gqnT
2142,l74n
2143,o5aAYfO
2144,tzPq0
2145,609sU
2146,xEkrnRg
2147,GHovN
2148,4bqpHp
2149,3j1xiss
2150,KkZ0
2151,mxVQ8CZ
2152,TNpTcP0S
2153,I5jXx
2154,ZNqcD16
2155,af3f
2156,Cvz2o7
2157,TKisLl
2158,uUT85GL
2159,g0YW4FA
2160,w6bwy
2161,AkRV5rT
2162,tSEb8C
2163,DGGoo2
2164,OTnq6NHt
2165,XOxAiR
2166,jxT05
2167,K3evN
2168,HQNnA
2169,qI2qF
2170,rLD8ubnH
2171,Kzc0
2172,zRL6
2173,UzLL
2174,Kn7sa
2175,EUVWtkum
2176,Ecr6eJU
2177,Vjdn4kO
2178,NcSDZ
2179,9R2oNVdR
2180,OCXIHJF
2181,i9aA
2182,PKqd1x
2183,k7dEfId
2184,HgUnf
2185,ua3PKh
2186,Ew0oTKk
2187,HPIurE1y
2188,UnzQ2g
2189,M8Hi
2190,d0f0
2191,OxBaIVu
2192,3mcdkp
2193,ripdOHi
2194,yovRjm9
2195,OFRqW
2196,bKLLU5pC
2197,UpHlMC
2198,B9Gx7J
2199,yMhr0c1
2200,QUz7Sw
2201,kGDQK
2202,U9KjIksk
2203,hPZpr9
2204,32NDbVe
2205,RhfZ
2206,VKdyk2Hp
2207,wzxj
2208,qoIxUD
2209,epelYMUW
2210,i9p8iCsV
2211,wsCxdwP
2212,Irwo1mmK
2213,GSxB85x
2214,N0oU
2215,IMyMdZVp
2216,Ogbhc
2217,CWpK4
2218,QoxRqje
2219,AR7gL5yv
2220,HctGfWI
2221,YFI7Xv
2222,DNWLVNi
2223,KrZypQJv
2224,MYHOhy
2225,zTijdQmt
2226,TPrELzS
2227,44anvJh
2228,ZioPZnV
2229,kyr3
2230,3jWagDgQ
2231,8om5Dtt
2232,vKMO
2233,AGaWa0
2234,ZhsOrR
2235,DcbqUdS
2236,0MyEU
2237,pYBm0GmW
2238,4gY0
2239,w0tfZnB0
2240,4cm3I
2241,cPeeZ
2242,WDVgL
2243,VWT8uE
2244,WHZxy
2245,3tb0
2246,3QMCX0
2247,sYn2
2248,hWr1eI
2249,qlDoXa
2250,naLT2VrT
2251,lxzxJsz
2252,jux8X8r
2253,kNDU1O
2254,psXlE
2255,snvmqA
2256,ocjR6
2257,ILkMzV4
2258,r4Q81
2259,LMnsWa
2260,nzMbUe1n
2261,kzaX
2262,p6CF3
2263,4YIf92u
2264,qu844
2265,6m57i
2266,HKADPQk
2267,xIA4viq
2268,44f45P3
2269,SqW0lt
2270,3NEloH
2271,A9EWlonB
2272,tKDRYJf3
2273,xHayN5e
2274,GxK2
2275,Smy22
2276,zGXfq2rG
2277,UGL7Flxq
2278,yCw1
2279,m7V22X
2280,8aWxZw6
2281,fAX9TM
2282,sFCxBNua
2283,1aUdz
2284,cndRKc7W
2285,5ldJI8
2286,gwp6xb
2287,37Nm
2288,M1nLK
2289,C2qyQH
2290,MU9u4L
2291,aV3yF
2292,gR3lO
2293,M0lEb
2294,7H85cuV
2295,mrpYzg6
2296,DpSPruL
2297,g8M2rn
2298,kbzGSst
2299,hUOa
2300,eVLp
2301,VXaj
2302,lTqbukQ
2303,JPY2PUh7
2304,PvBXkz
2305,MtY6D0o
2306,WDmM
2307,O7bsgzw
2308,kbnDW
2309,AnrSAR
2310,VYDd
2311,GlQCTcO
2312,lSf7
2313,VHruXl
2314,OvEU
2315,iOdHPlJF
2316,7pEtC
2317,tfgQSFMc
2318,yhXup
2319,QZJH
2320,HqEC8whj
2321,lsFXT4
2322,sq4AOh0
2323,VbPRI
2324,qHqsm
2325,mNiH
2326,4jICav
2327,8XFn
2328,ER1zo
2329,Sfmh4R
2330,ZNiUJ21
2331,6jD6B5TE
2332,6yTAB
2333,GyMMKpt1
2334,nI5lO5
2335,zvli4cjU
2336,kpvh8
2337,ZeZTBS8
2338,zzPd4Bj
2339,VWbKHh
2340,5yQV
2341,XglpW443
2342,eMht
2343,IFJpHkI
2344,IlWy4uij
2345,Q11Mc
2346,OGOyyqk
2347,BktLB
2348,e5Tx8dyC
2349,zNPH7B0
2350,FiFs
2351,uj0vOM
2352,gXvgPUc
2353,D9MLW
2354,jNINItc
2355,7MuLOYL
2356,ER2iwC
2357,p9pfmg
2358,Fr6cqC
2359,ezpiLEC
2360,pyTEbx
2361,GLlE
2362,cwyJD
2363,ZX6E
2364,MmQvFW
2365,8BpKoCqS
2366,4Vt6
2367,rtNwY
2368,mGhfhlQc
2369,OpKGMwr
2370,iVd1s0QW
2371,SugH
2372,sWYt3YSE
2373,JF3lROA5
2374,ltgEhGck
2375,o6PCBH1c
2376,khaED
2377,Ambz62yh
2378,ho1jat
2379,4Jtj
2380,iMrC
2381,DdW2J4W
2382,jGww
2383,vJbuyB
2384,N4psg
2385,gU14
2386,hBja4eBX
2387,vDW7wf
2388,hpslMu
2389,tLOK1D
2390,1rmz
2391,plUSLe2
2392,H0wBas
2393,UbuCSLz
2394,OZDHBx
2395,EqByf7
2396,D3d2nS5K
2397,pfcASWm
2398,d9hgrr02
2399,VcOO4
2400,iAmW
2401,rwYDwi
2402,mWI7yX6
2403,mb5jPAl8
2404,ncFcuOkM
2405,UyXIK9ty
2406,XgJ8
2407,Z8xThiF
2408,0WjYK
2409,wJ2NLHtj
2410,KnZTVo
2411,327fdf8k
2412,20Lm5C1
2413,VHAsEeTi
2414,tvEZB3jX
2415,cpY3MOD
2416,dM3Kz
2417,s1U4ch
2418,z7syl
2419,Lw7y
2420,nwv5pXL
2421,SbHUL
2422,thqj8WW
2423,TTpuHqJU
2424,quFgg
2425,perHxl5
2426,pJTp
2427,VfWq
2428,ZjQt
2429,IrKTQK37
2430,Ve7HIE9g
2431,Dzym3hRW
2432,CGSF90
2433,qldJamq
2434,b6zUOoz
2435,LcYOQ
2436,0Nnkeo0V
2437,nHn7Uw6
2438,Z3gF
2439,EVJNqBKr
2440,vJiMx
2441,QZY7
2442,xkpM
2443,V4a1h
2444,vGIBV
2445,VEw5XOA
2446,4sr6v
2447,kNS0Rd
2448,pwVTcZd4
2449,4uFr
2450,X6E1
2451,R1NFNpST
2452,NcmN
2453,w9M3
2454,vU5gU1u
2455,EZK469Z
2456,79sR5V
2457,qizhlz
2458,6rg2xiY
2459,5Ti7HdCC
2460,3iCnDXe6
2461,xcaTb
2462,vo8Bw
2463,7lgTBdee
2464,Yii3C
2465,qKh1
2466,9ZlXCQe
2467,z6gm
2468,Q29fdB
2469,c2U9QYv
2470,LGEX3JB
2471,ivDvvbP
2472,d5Vlclf
2473,sRcNOXr
2474,yKjZx1c
2475,h3hjXowp
2476,go0JoE
2477,kokj
2478,7Hgpyc
2479,qqJ6p9
2480,4Dx4wMt
2481,NY5xBCR
2482,V9ZmJG
2483,nMtCaLWn
2484,RcLo
2485,TpbQeC
2486,xT0071r
2487,Ib1H
2488,4TqRll
2489,wq7AQU7
2490,wPKVv
2491,uVd0Nola
2492,RlrUiGIk
2493,KI4mC
2494,2IlNrH
2495,jD68iA
2496,vLNUBs
2497,ZLUXEYh
2498,78cT1
2499,UahLjo
2500,KpQwo
2501,6lDG
2502,JFfsFSo5
2503,RUFxWHBt
2504,beooor
2505,jgMBMIu0
2506,gs2jilMb
2507,FYHTQ
2508,ii79N
2509,0FBrQ
2510,kZ8UjFs
2511,4uwo
2512,je3HK
2513,XaYC
2514,t9eSbBa
2515,NZgQf
2516,ioWSTs
2517,gULgLi
2518,snMOinXt
2519,5mpkrYC
2520,SA9OG
2521,l41qFlae
2522,DkUBHef
2523,9hvs7
2524,la7Z
2525,NI78B
2526,0jB2
2527,Aoaz
2528,LKppt3v5
2529,FYWKXB
2530,ndeQD
2531,vxjZpi
2532,BrU54w
2533,MyeTSwf
2534,N7QRpm
2535,wa2p
2536,1yA2rhE
2537,sjGxmuDI
2538,jFPwCiWQ
2539,nC5C
2540,XilCL
2541,Nf9CRhh
2542,YpC2ZBmn
2543,6GepJgw
2544,qQGanI
2545,H0hheRPn
2546,xO5lW
2547,nLrDby2c
2548,da4oS
2549,It0uRx1
2550,5jrpwS
2551,jJWA
2552,l7x3EXJt
2553,Ojdh1I
2554,lDBSN
2555,jjRb
2556,oj9o5bab
2557,l6nfR
2558,KFpUu
2559,iEiAV
2560,JJO6x
2561,6Krf5
2562,QUreUiPz
2563,SoZjT8OH
2564,Hma01Evs
2565,SJqK
2566,LPhQ
2567,EWGH
2568,Y2Vfn
2569,rDNCZei
2570,t7afMzm
2571,710vy
2572,ltks
2573,WE4Qrgh
2574,LFMR
2575,Bet6goA
2576,YyrjBq
2577,ktCFCn
2578,uj3669mL
2579,1yljFpXm
2580,fWYU48pJ
2581,whWMTmL
2582,6e1dOVNm
2583,fAei
2584,N5HAy3W
2585,X44VrdSJ
2586,LIxQa8CU
2587,VmGe
2588,KZ58
2589,gMCIGUmz
2590,RRAAy
2591,5zLW2Ys
2592,kglh
2593,9MaY
2594,Cse7
2595,TWOI
2596,XGTArVI
2597,lc4Ei1kS
2598,GTxWgl3
2599,Waac
2600,5pWIb3nt
2601,mg933x
2602,nkS5Ig
2603,rFnP
2604,mzXTA
2605,NjA9S
2606,XeaQUm
2607,fCjOY
2608,phweM
2609,uA0IluK
2610,Ifci
2611,LiINR
2612,waUyg4WE
2613,Z7Ua
2614,pWOr
2615,SjFR6qH
2616,5jlHJ
2617,QxnrklB
2618,eNyz
2619,1IVaZJF
2620,kHkM
2621,3ElXA8
2622,XbBR07Uo
2623,JFb2y
2624,fGXb6
2625,AfXjs9kI
2626,3vmn
2627,qEkS51
2628,Ol3iU
2629,xMV2WJ1t
2630,urrOun
2631,UGaDXGVg
2632,vWOi1cBN
2633,QqPHe
2634,NA1Ca
2635,LXrGTPMt
2636,IluK3KIK
2637,GeLx
2638,8aUalnZ
2639,e1PUzox
2640,Hvin8EMm
2641,K6IR
2642,Aomx
2643,9feh1r
2644,dmmInv7H
2645,UyUipM
2646,ZJxg
2647,uAC9xHAz
2648,xND3R
2649,Ysmd4s
2650,nsfpq
2651,HFmO
2652,dZVV32d
2653,Isa4dR
2654,Douu9bRX
2655,zgl5
2656,Gi3HxM
2657,dy567q5
2658,jiSAi0Q
2659,UzcyU
2660,ro3tcsPb
2661,QD7IcQ8
2662,bRBQRn8i
2663,OPPRun
2664,K8muI
2665,tHAojt
2666,afoXMept
2667,dlhgaFtR
2668,sWdcIOc
2669,kTTX
2670,LGXz
2671,dv8d
2672,rRmp
2673,0gEVpun7
2674,i8D7
2675,tcC2a
2676,aM9A6WL
2677,m8kM
2678,5WUH7Jt
2679,okfm
2680,gOyn8
2681,jDoHIOhV
2682,3AcjbZn
2683,6Cnulna
2684,jHrhZ4bL
2685,T1Z3T
2686,S8MAVd
2687,WBwBo9L
2688,zsbGMSY
2689,VYY94BD
2690,OXxs
2691,J6ct1TV4
2692,vtHm2F
2693,WcYq
2694,sTiA
2695,YIlmmB
2696,8h7t8GfE
2697,oJGZ
2698,exeP7U
2699,Kb5J2E7
2700,aMX3N
2701,wuq1pi9
2702,euKNFZW
2703,nHpJkY
2704,T7SKHb6
2705,Nc303HIl
2706,moiZ
2707,qrwFCjCZ
2708,dlNWD6LK
2709,DjsfJWS
2710,7Erjk
2711,TkHq0D
2712,lRWw8q
2713,jveQj4
2714,Lmf4d
2715,J8LTv
2716,UoID6Ajy
2717,545xQ05R
2718,ascz
2719,2N2ewwQ
2720,Sf8Acnbc
2721,Z5Pt
2722,NcKOYK6D
2723,GA1mhH
2724,gW2eLiwx
2725,fq5H
2726,DzQNO
2727,My9d
2728,a0Be
2729,Nfhtut
2730,RplR7s0
2731,sxBQw
2732,m6AOC1Cs
2733,fCgDY2tj
2734,O18BE4B
2735,SL7lm2R
2736,TYdv0J
2737,NLGd
2738,dGVHyA
2739,qF4Y12DL
2740,oPk1c
2741,Zmbe9qlB
2742,1zLNAi5F
2743,NxHrhg3B
2744,z4FXT2
2745,30NfLTP
2746,CcWEtLm
2747,rFAvFwHP
2748,O6O8BW
2749,Oha1s
2750,Jpgg7oId
2751,e3EyH
2752,9V8rq
2753,hmv97I1
2754,NFtRew4
2755,cxdQX
2756,RUktVfk5
2757,vfNE7y
2758,cUH08
2759,jFF3EXZr
2760,ecaCoz6x
2761,XmjRt
2762,QOka
2763,dEkupi
2764,5WeZ
2765,Tz6H
2766,ONUxKP
2767,trp7y
2768,ryXdT
2769,iA3s
2770,eSqm2
2771,CvGYe
2772,dkJxBkYi
2773,auObGMc
2774,CsOA
2775,6HkMJCo
2776,T7D1
2777,ifMX
2778,0zQF
2779,4N6Dkc
2780,CO5f
2781,oQcD
2782,zeR15Np
2783,kn1tJ
2784,Sr75601P
2785,Je6V
2786,daxFt3G1
2787,zai0I
2788,wlxp
2789,zdN2hY
2790,mA8e
2791,NVJ1Tu
2792,H4oF
2793,KTEkIJ
2794,4EdcFF9
2795,2q7v3d
2796,Wj9CiI8
2797,D8bUcwc
2798,BoxEdHzh
2799,OzER
2800,53Lv
2801,4tCaxI
2802,e8Gdf
2803,GZr7
2804,EWnEE
2805,Tujphr6z
2806,oLacTg
2807,1wGapu7r
2808,KgKQf
2809,knpMB4f
2810,ykiGCDCZ
2811,rt2YA2
2812,0I3io1VK
2813,X61F
2814,nA76kZYt
2815,JcsYeO
2816,gdxsItnY
2817,7eSzxd
2818,vrTK0u7
2819,MCqR6
2820,udGV2
2821,XPyznB
2822,lQsQ5a
2823,nbsCBvL
2824,RbyjAg
2825,1i2z
2826,eVouMT8f
2827,Zhcr8Y
2828,Ocz2O6wM
2829,97hMqAE
2830,uuoZc
2831,rvnE
2832,2IV2
2833,UsZXJfUD
2834,BDuZM
2835,bRk3
2836,uu8Jij7
2837,VTnraVy
2838,86Aarb
2839,qW0U
2840,XF4fQ
2841,XEkMO
2842,B3l8j
2843,kP20
2844,zFwAy7an
2845,AJtV
2846,efBcHr
2847,nPpQuEo
2848,V1cjTq
2849,S9EAh0o
2850,vRVrr
2851,trJKa
2852,QaRgR
2853,kFpAM6Y6
2854,8ZPRMK
2855,kX874d
2856,yTf2Xx4H
2857,10BbB6e
2858,DaGNyPV
2859,BvUKV4B
2860,mWPoFPQ
2861,qZdpl6LC
2862,5jBihVP
2863,qlMYpxzZ
2864,gsatU1Sz
2865,0utTp1iQ
2866,A6l8az
2867,f0gRfDkn
2868,p6K3UN
2869,Unn1
2870,iOXwm7Z
2871,E1rVrpg
2872,kNq9H4SV
2873,t5vXaI9S
2874,kMLDUE
2875,rpsG
2876,rom6Xg4G
2877,zVqY
2878,Mt7ti
2879,2Es3r
2880,bk8lnwq
2881,ba0JxW2I
2882,p0cQ
2883,xtwj
2884,Dc84l
2885,TXawJp
2886,01P7
2887,Piqs
2888,DbqA04KF
2889,3Zs2
2890,PsYY
2891,2N0b
2892,NRBD0
2893,ASklARV
2894,EMYA
2895,KujaEj
2896,9GITvUUc
2897,pW5sBOSW
2898,Mq0N0D
2899,Pg5qUGjU
2900,34jFmrW
2901,IiHef
2902,wQkE
2903,wMvgGM
2904,KutCgwpD
2905,upEow
2906,7OEXxk2l
2907,HRRB
2908,2Az5QNr5
2909,apFOR
2910,WpgP
2911,OCpGAS7
2912,MiOVh2eE
2913,qh94en8p
2914,s5bc4
2915,mk9ZPBbz
2916,9ZD0H169
2917,DtoAGbng
2918,nj5X30F
2919,qQGvk
2920,JrX0xjG
2921,rmzybJ
2922,VW7AJdIj
2923,VO6pEIR
2924,OZDTw
2925,OkcD
2926,YIKH
2927,hDQAb
2928,q2okC
2929,jcRYg2Mx
2930,qTTSmPnh
2931,qiAkJ
2932,lSuOl
2933,BOmJItJ
2934,ZpraZE9h
2935,iyK7u2T
2936,EbGdxSV
2937,cUtYTsT
2938,SpeJ5
2939,38vb
2940,DT0Z53w4
2941,AbE5zjK
2942,iIBLtp
2943,voZj9
2944,IeJTCRD
2945,YstlQQ0
2946,CfYS
2947,xarhKEK3
2948,fJjT
2949,Pt7EJt
2950,xEPBO
2951,TcwmA
2952,1KTP
2953,eccShjc
2954,g3hx
2955,REvqXRTg
2956,KLXLwk7
2957,6XXbX
2958,dzkLwAn
2959,Q3Pye1
2960,5LuNMG
2961,0Stp
2962,LG0ltJD3
2963,Gu7JwCh
2964,gI6l
2965,bXxSILSq
2966,rBHTpI
2967,jKFSSp56
2968,etu1UCB
2969,PEu6OxV
2970,m6HgY
2971,W3vQnW
2972,RQHO56f
2973,bxspF4
2974,jKsJzeBG
2975,kSoMKS7J
2976,08FB
2977,ihiRn29
2978,DWdPU3Z7
2979,9WvltDL
2980,Ud46
2981,fhQwPDX
2982,mDDEqj
2983,C7zrS
2984,PxnUK
2985,EANvXzRZ
2986,4TEI
2987,cTX1
2988,sfJh
2989,UJJmLMD2
2990,Bg6J3N
2991,hMuih4uj
2992,iV43F
2993,T2f3Sg
2994,CWArnbKL
2995,YryMfwI
2996,8mPfd
2997,rq5EH
2998,paiA
2999,KYdETjiw
3000,BG4hFI5V
3001,LWoNz
3002,5wDA
3003,rytZNr
3004,L5tqB
3005,ILDYQ
3006,dDYL
3007,QAiP0n
3008,PBx46
3009,7cCj
3010,bf7R
3011,tosC
3012,747WDNt
3013,bE5yJS
3014,itVs
3015,SwMzFE
3016,kifSr
3017,bG5Eb0
3018,jSaagO
3019,n4CI64
3020,Z6k3xsr6
3021,LvfBId
3022,Rwv1
3023,Z8M2LZ
3024,0KjE51F
3025,BBDvI2Sc
3026,66Ma
3027,fFi1P
3028,iONonu
3029,tS7j
3030,uLuv
3031,v1Jx4iy
3032,CVrSZ
3033,n0kpFchq
3034,SqP8CNkD
3035,23n1
3036,9u75
3037,kudxPT2
3038,7XsXNgc
3039,koE2
3040,l3x3Uw
3041,BmL9Br6
3042,u6OUGxc
3043,CK0rFPBU
3044,hGExQq
3045,LP58Td1F
3046,70UoRaU
3047,PWkHq
3048,VCPLcz
3049,SRTQE9
3050,LHJhM2c
3051,wRPnurpw
3052,BKKtGhUL
3053,t3G65
3054,FHIgE
3055,1CmpgH
3056,blo76et1
3057,lut4Clui
3058,PZq6u2fK
3059,3dIR
3060,DEIYHO
3061,JNLYofUn
3062,c1ZM
3063,eVuEy
3064,bskWdo0
3065,YiqQpGJ
3066,4CCl3
3067,MZSWv0g
3068,g57Qz0Gn
3069,c7Kqw
3070,pDnF
3071,j3j7Wtmi
3072,iCqRx6dU
3073,da2Xn
3074,45wdJQI
3075,B6k8
3076,WiOdbllf
3077,RUkA
3078,yndexOxD
3079,qnG5UxZy
3080,tcQEAQx
3081,3opu
3082,K1iv7M
3083,H8BRRy
3084,BtzoLK1
3085,4sxm
3086,EoPk0dP
3087,Z2kPMtX
3088,gEl2
3089,xCZzAzI
3090,5aC8Cpx
3091,ifLZl4y4
3092,nnQGk2Ui
3093,RKgZw
3094,HE1x
3095,GPdDn
3096,LfOvfgxs
3097,UTH7
3098,5WdZ6FN
3099,GNmtJ8
3100,mBau
3101,tTmQkE
3102,BKbI1
3103,DDqrZL
3104,cXTb
3105,KgNpna
3106,5m6VxV
3107,s5mu
3108,qohpQz7
3109,zQFq7mVW
3110,KWrdSz
3111,6keSO
3112,D82lZda
3113,dgZpaz
3114,ojEN
3115,kziK
3116,DaYnt
3117,F0V2
3118,LFpYm1
3119,ioAv
3120,qzy8
3121,4nkfq62
3122,1mVBQ7
3123,KVtA
3124,aI9o
3125,8PoO7e
3126,rxIq
3127,ZkdBN3h
3128,5FcOvw
3129,fvY6
3130,0Zh3PVp
3131,vdc0Pq9r
3132,ZwfL
3133,KpYu8VR
3134,8xQhXGN
3135,3jrMuWB
3136,r9EJtM
3137,gFKlg
3138,Y0mRwI
3139,SloRm
3140,Ay4mh
3141,oRYs
3142,uzYQkL8
3143,yX8g1
3144,1IHRua
3145,gqKtiC
3146,z2Z52Pej
3147,9vS2XKM1
3148,cT2AX
3149,sSgN0E
3150,l3XhVRDP
3151,vX3QlSJJ
3152,PNjqDY
3153,4F2KQ2S
3154,QCi2JF
3155,XMou
3156,DuDhh
3157,meAUX
3158,JoDMx
3159,k5EsHL7
3160,pPffF2X
3161,xf5w
3162,eI4Y
3163,BiZOuM0
3164,UqEibmV
3165,InjfiK
3166,r40i8MOL
3167,TF4YRym7
3168,YCHuTPK
3169,8W9PXgO
3170,ibnp83
3171,SWiSI
3172,mTkKVIMJ
3173,kwoEm
3174,TBqf
3175,GTVB3
3176,5w9m
3177,LoEuIE
3178,Dgv9Bon
3179,LA9y
3180,JdE51
3181,y7B31p
3182,fcgdJXs
3183,gnXO
3184,l6bNj5
3185,gnHDZZ0
3186,HvGcm
3187,npv8
3188,W5btdV
3189,3gveE71
3190,b85Fcf
3191,Sw8n
3192,yK6MG
3193,MPv6so95
3194,3vxSnJ
3195,eI1hE
3196,14mLV7Q
3197,TfBmm
3198,R4I6Ax
3199,TOR5lr
3200,QXNw
3201,nm5mgXh
3202,AIPCxfe
3203,aJn6BtQ
3204,nyByKb
3205,AHOQS
3206,fskahjM
3207,jwgubxVK
3208,1CqfNIj
3209,FKz610d
3210,gp8Ty
3211,jhgUPEwX
3212,syMTSSCT
3213,mGKdlNKt
3214,Y0iL9CQg
3215,HEgY1m8P
3216,pllwDOPP
3217,lNmo
3218,XSMYvk
3219,uDgnABpn
3220,f2faJzM
3221,kRbPJG
3222,wNfM
3223,nVMM5g
3224,gk4Fcsa
3225,Cd45C
3226,oRW6Qfux
3227,vDvvs
3228,DsKI9n
3229,qZU5k
3230,3GSXL
3231,LuGrbVG
3232,dFKNi9wC
3233,sWiVW7N
3234,ccRxuW
3235,jQE5L8g
3236,gQOVl
3237,WNwhVXCG
3238,rHQ35q
3239,B8JFa
3240,gHFKLUo
3241,OEGzSq2
3242,wPwL
3243,iN6JYyCg
3244,Ab4zdw1
3245,DkUl
3246,rHlh
3247,QvkG
3248,7eRb
3249,KEwOA8
3250,DdAz2
3251,azSPEa
3252,CHrVLnrp
3253,vbXjMGf
3254,BrbF0
3255,YoUjY
3256,EHBmbve
3257,Ho3KD
3258,m4u5b
3259,js3nJ
3260,nQB5LI
3261,CS5IL
3262,nB3G4J
3263,s07TtGeu
3264,fxLXo5m
3265,x3qz
3266,Jy6E
3267,1EEDJ
3268,CkIbiD
3269,LEIuPEIA
3270,6j1efxtq
3271,2YIR0uU
3272,6TE3uC4y
3273,s9e6z
3274,ynNg7D3j
3275,La9m
3276,i34KN6A
3277,vQp9
3278,fbq3V
3279,Ju2B
3280,eiFn
3281,XuZes8
3282,t8Lnwvs
3283,kpptf8ef
3284,1NZn
3285,ywqVP
3286,ZCmSNCX6
3287,4rBc0Xe7
3288,KP4UfP0
3289,ia7o
3290,bn65KsHj
3291,2O4E
3292,J2xjj2i
3293,QUzW5
3294,hA8w
3295,LVAAlFZ
3296,DhDqfkYK
3297,wXw9
3298,BeuWc7
3299,fGvGt
3300,MilQu
3301,GDc8
3302,bWFkC
3303,SWoiqj
3304,RulIN
3305,xzVqQr
3306,HTXuUlR
3307,va3hjYIH
3308,UmvQTY27
3309,fhXIUyE
3310,dKAXpvy3
3311,Lt9iM
3312,h4f5t
3313,Lrgaai
3314,IQL8N0
3315,6KBSM7
3316,x1mNll
3317,HHji
3318,GJHFbOn0
3319,NwTLZ5z
3320,WcElMYj
3321,mkVr
3322,gKwfB
3323,Zi9Ysv
3324,yEDei3
3325,bQKQ
3326,VgBhHf
3327,sOEtnx0w
3328,ZpREkc
3329,xkT6d
3330,5vsLB3
3331,eKSXP1
3332,Anrz
3333,gVdf
3334,mEqOT0
3335,5htUo2
3336,lZplhh
3337,5Rtn
3338,J53EIxo
3339,zFHq4EZ
3340,2g6ni9
3341,Tfajnm
3342,TwrBep
3343,9FoBh
3344,OFr5R
3345,SLDxj
3346,0ZdBajq
3347,Bc26aCPZ
3348,o00bwM
3349,hF913
3350,ujYIgCuO
3351,hNjd
3352,pvgBbVd
3353,CRxMhjT
3354,x4hfup
3355,Nb9iGN
3356,SiUtj
3357,6P3eEjK8
3358,StaB
3359,wPRe
3360,IGNaN2
3361,fyGNr
3362,K4hYN5Wj
3363,M01w
3364,xL6Cr
3365,UwaSU
3366,FnXnVf
3367,CsBM7b9v
3368,8yteDc7
3369,H2zy8O8
3370,9bpBH8
3371,d5JE2swb
3372,MDBt
3373,VPSddqUm
3374,Lr37KWv
3375,QSHK
3376,vdn6mwzc
3377,hSXjF
3378,2iWSmrQ
3379,VELj
3380,eN28
3381,sL7sH8
3382,968t
3383,Jkwtg
3384,uLzp1xk
3385,PLSy
3386,9l46
3387,Bs6EK
3388,VxPNV
3389,L0Rusyr
3390,xScv46k
3391,1kuHfc
3392,ReCGVtWH
3393,QYQKh5P
3394,Me7c
3395,j8DoFn
3396,xFOsDdk0
3397,VJMz9c7u
3398,G4xtSEN1
3399,ZDFF
3400,doIymG
3401,upmg3
3402,dlCKKo
3403,uEL3R29
3404,ryww7V
3405,U5gxKRq
3406,fQZUmV
3407,7apd
3408,UaiKjlT
3409,DOPy
3410,8EUk
3411,Vmx4ae
3412,cJOF3mD
3413,TNIr
3414,3VP3S
3415,p7YvrTl
3416,xjivkeJ
3417,A4pf5
3418,2p5ES6
3419,RidE
3420,JdBckT
3421,oe47
3422,BhIj5t
3423,BIEeZ
3424,6FUS
3425,Hv5zi
3426,0weq
3427,0MIlbq9P
3428,s4mxu5
3429,o5cA
3430,vjDhW4
3431,7JH22
3432,67eFmG1Q
3433,OKBRzi
3434,zh5VJ
3435,7gmqzq
3436,9oXIX8
3437,HaSRFwpV
3438,j7iq5
3439,4DT58
3440,3GD8Lv
3441,bfk3
3442,WRcmb
3443,bP9gNa5
3444,NSt834
3445,l0Fi32
3446,jMAw
3447,2KKF8
3448,YQEbmb
3449,RTZokavi
3450,FEvKL
3451,W5lNaW
3452,9b0o
3453,Oxiex5
3454,I1zIdUn
3455,n9usr
3456,cX8c9b0V
3457,eHV1zJOT
3458,cL2w9
3459,totOh
3460,mej2eE
3461,lm2HPi
3462,GIs4d4v
3463,z5yJzYXX
3464,c6n9lF3A
3465,OfQbcU
3466,MoGqGMuw
3467,YLdEamx
3468,uDNuXrGh
3469,Ll8c95Kd
3470,sweaWIy
3471,wqbnA
3472,8Iu7
3473,N1H2g8w
3474,iDY4SB6
3475,lLP4xb
3476,oeP5G
3477,96qMy
3478,l3G3
3479,ZjByX
3480,Q0Od
3481,4IgbC36
3482,OHb7nQQ7
3483,6Cs4jXs8
3484,PiXA
3485,3bv1cV
3486,Ysoc
3487,h1e0bv
3488,rSk7
3489,OAEesHw
3490,fhX202
3491,TmhECvsm
3492,A95sLiVo
3493,TeJoG
3494,9trcygQ
3495,hoWajQd
3496,YYCcAtm
3497,7DIjp8Xc
3498,TEz1n
3499,JNTf
3500,wWE2Dz
3501,izowSq
3502,ktSF2LXw
3503,3aRHN
3504,G9nnT
3505,g2xAYXxF
3506,NCMPlf5
3507,JGNT5HvV
3508,2S9vvK
3509,FnFy8vG
3510,wd9wSDh
3511,NqscVKC
3512,Ylal
3513,M6NT
3514,NDtO
3515,jZNTPf65
3516,ANGcWA
3517,9CSfRfg7
3518,dwvZA
3519,2C2C
3520,N70Mgkd
3521,P9oeBMc
3522,mmzJdZ3
3523,MCOIxS
3524,1XzDo2
3525,qchM
3526,bo8K
3527,kRFyhI5
3528,MCiuUF
3529,CnL2m2R
3530,UXtJz
3531,ra3Bdc0l
3532,1uKqr
3533,xNZPuUX
3534,SxHA
3535,Xy7czVE
3536,mkhG5t
3537,XfaYOt0
3538,1H2Gswh
3539,s5r0
3540,Lqskym
3541,HPuVeJFj
3542,nNAgp
3543,GqNC
3544,cYww
3545,vL1jNC
3546,9Tp3Rch
3547,o2OLhjp
3548,7GX7Lg8a
3549,twmo9
3550,gEogV
3551,EidqqE
3552,OH6D7aS
3553,DZzfJr
3554,tB4x
3555,ne0wRqA
3556,9IE0QKJ
3557,YN4o
3558,WZ0y
3559,kUsNI
3560,kMPhBiF
3561,tFmqND1
3562,aHqRe
3563,hvaL
3564,4Dy8rS
3565,3fQ59O
3566,N2bj
3567,qSrM
3568,8Q2KWVj
3569,YbVukdJD
3570,zSpOpG
3571,YO9Be2p
3572,7IWvMr6E
3573,uLn6
3574,SATfz
3575,7aCSt7O7
3576,SEVDvD
3577,A3sQc015
3578,4QZRK6
3579,jHlapw
3580,d3kT
3581,KEflu
3582,JwxTVogG
3583,dyT5oxb
3584,atJX9R1G
3585,YV5nIpO3
3586,ZpYO
3587,bZzbT9ZJ
3588,EjVihoa
3589,AbhiWz0
3590,IWG0A79
3591,L9pqF1Ne
3592,Knwam06
3593,vDPkYxp
3594,2uUqZSKS
3595,KJOsfpag
3596,r4QiW
3597,Et4HPJ
3598,OjFn
3599,5P1o
3600,ZMQ1
3601,lO1j
3602,xDIwGW
3603,aUyHzEh
3604,tC8vM
3605,kn1SX
3606,onQAD
3607,oldt
3608,b1nveS
3609,BDYXCc
3610,3Wr466
3611,Da8LAC
3612,1Leulr
3613,AZpyb
3614,lWL9aj
3615,kphrPA
3616,pfMgC
3617,UFY2
3618,Itf5pO
3619,basu3a
3620,ZZ5b
3621,OvhA
3622,Je5Q
3623,Sa7X
3624,DMgl1Wq
3625,pGPq
3626,tokZjNu
3627,ytICC
3628,hZyAg2L
3629,sz29CYv7
3630,IQosDZs
3631,kRz0C9r9
3632,MuN4qKtj
3633,rcGn
3634,3N042
3635,5V8IABr
3636,bVbHIZ
3637,AhwzD
3638,VoKXF3
3639,xSOw
3640,97wxHI
3641,CksOgOtM
3642,dks9296Y
3643,xpksJUa
3644,xi5Dv
3645,9qeQ
3646,MvFC
3647,AYTZIs6U
3648,S6UR0Z
3649,Qio0w7NZ
3650,03siGve2
3651,e99LL
3652,EC5ZLWYU
3653,CAdknh
3654,RQ7C
3655,hRwcmOsJ
3656,2a4V
3657,fCgu
3658,LpEvfBoT
3659,luKAmwb
3660,gjabkd
3661,29sEFh
3662,LHn9
3663,OhgwUYcz
3664,llOaJpBf
3665,XoWOrtLS
3666,CRCvg4
3667,gtuo3
3668,NewU
3669,OwrLaTJk
3670,dpeyrMn
3671,BBlCDSJ
3672,RlBIQVj
3673,EVVVh45W
3674,3ryhJr
3675,H3rYWa
3676,J7dEph
3677,HW7MaTwA
3678,5Y97
3679,S5d6
3680,KwF86yl7
3681,O0ynKu
3682,sjpJ
3683,q5nwU
3684,hZsIwy
3685,syLe78
3686,5b4Zqc
3687,GBh9F8
3688,tRG0PjMs
3689,yZho
3690,N3Kh
3691,QgjWVt
3692,FdMEI3
3693,P6Rl
3694,qVV4P
3695,JGeUumv
3696,ax51
3697,wK2s
3698,K2Ni3X
3699,ZqadR6le
3700,lzQA
3701,SNggvPv3
3702,DxblV
3703,SQhRTd9B
3704,Rm54z
3705,YvhfQagG
3706,rZI7JEte
3707,l0K1A
3708,tjKIM
3709,gYokrFI
3710,CUcY
3711,IhA1xRje
3712,DNRl0
3713,dxRhB9
3714,X8bc
3715,2pNmtKq
3716,53iFl
3717,wk7s6
3718,RuNqgu
3719,gwaEt
3720,cOk9FkUU
3721,Fun2xek8
3722,bQTGFU
3723,lZJDpr
3724,Jpro
3725,JHNS
3726,eKmOXti9
3727,1ZZYxATL
3728,0EX5
3729,e5x3G
3730,Mp8nS1W
3731,bKjoapjG
3732,rqVczH
3733,hzG2u
3734,tFRkBwi0
3735,dCJlOb4
3736,mcnqjJxp
3737,l2F5e
3738,H5Df9
3739,mH4va9DS
3740,0voY
3741,skIP1Iq
3742,HxUA
3743,8oTqYhf
3744,7EQVB0
3745,IfkX
3746,GYz8X4
3747,tIrFolk
3748,3VKqq0b
3749,3dl3j
3750,FEwQeBmn
3751,WKFRk
3752,rh1c1TV
3753,zH7e
3754,umeM
3755,38sZ
3756,Zcre7
3757,CjLJ
3758,K1KwBwvR
3759,Nl1u
3760,MKLcXSO
3761,caW25
3762,bYstm
3763,ZeUq9jT
3764,SO2mVI
3765,7X1C
3766,Ks3m
3767,4WXBghj
3768,GrXG
3769,1GwXZeYa
3770,Xs6reS
3771,YEEQr
3772,dfJD3b
3773,sVd4
3774,k3wflWe
3775,njQ9Nt6
3776,JZj1
3777,MxUDGWn
3778,1bYnE
3779,evW88FI1
3780,ICQr3
3781,iXnNgxPm
3782,8I4Do8
3783,pwrabDLJ
3784,Upc8PJ8
3785,NqYAjMe
3786,VN92EjnJ
3787,BixZQDi
3788,WIPIQPv
3789,vWDUJBl
3790,pFTbXeW
3791,2PshH
3792,cmz1fyo
3793,nNwKCH
3794,uslG
3795,UGftbx
3796,Km59vROT
3797,zPuFoXIL
3798,FFVcCAKc
3799,wUfNMiz
3800,ndSIa
3801,V2JGVz
3802,uZaC5N
3803,RYeI
3804,V8ri4b
3805,nVYWNv
3806,u3adVg
3807,8Zoh
3808,esO5
3809,3KaVlXiC
3810,eDqr
3811,xl88
3812,zE3wPP4
3813,1LVP
3814,HkABBw
3815,gqCQL
3816,VTVrkKSS
3817,Wn5Ln
3818,WePJfalk
3819,Ivivn
3820,KZYN
3821,FIfVHU
3822,SlTY
3823,FQFsw
3824,82AOB6
3825,szUN7guj
3826,LMb0bo
3827,x4OUtVv
3828,cOjSYp
3829,bK3XLz7w
3830,v4OGy
3831,NRpYih6
3832,ohpj9
3833,mVzRF
3834,bx6QnY
3835,qhkU
3836,jqYbYg
3837,4tfbZd1
3838,uAEcp
3839,Gys71UF
3840,8Jaublfn
3841,KHjy
3842,9YmIKL1g
3843,UsKROnrs
3844,RUjn
3845,X2x6f
3846,b9MXnUP
3847,OmO5
3848,2ynh
3849,36NSkf
3850,jmmfy83e
3851,E52HQ
3852,rMV5
3853,DuDk5XCA
3854,mfW4Z
3855,reGWWfB
3856,zAjpp8Hj
3857,awZuWBWj
3858,14WtA
3859,wNJZ8g3
3860,Lbup4cfF
3861,C8bY
3862,GjDoN
3863,yFDuQH
3864,ppNBZ2Wb
3865,PfmXChJ
3866,FxhnBwC
3867,jvJy
3868,sGCxS
3869,wmwyoBY
3870,IEtpxkX
3871,mh51x
3872,kZnL6gRu
3873,yjUf5fLc
3874,5pTK
3875,E3vkmA9
3876,N3wF
3877,Cb4sjVy
3878,XqNQ
3879,rmDJA
3880,f2Oxc3B
3881,bDAx
3882,uuNiyrl
3883,23wjB
3884,fKMij
3885,RFqIm
3886,MrhVof
3887,qD2OJ
3888,gxrkTc
3889,BSGpMilh
3890,Ecm1dyg
3891,b3ef
3892,RPmT
3893,MILCxv7Z
3894,HIxr
3895,aUdMzs8
3896,6qPpBQw
3897,E4gEu
3898,EMRJ
3899,7ROVqv9
3900,nGR8L
3901,3yFN3
3902,jhdMh4
3903,tDIh
3904,rdZtXH7
3905,0VNA
3906,MH0LQ
3907,9HcjWa
3908,VTJRO92t
3909,ua1b2Ly
3910,EJqUUn7
3911,e1EPx9e
3912,XvO731Ff
3913,rWrGsCS8
3914,rhVoS
3915,itQHlfmP
3916,MLhFV4MN
3917,2omet
3918,m3AAtwvk
3919,guiJ
3920,1sPdLA
3921,bxCp
3922,MzuG3q3
3923,UsnhT
3924,Dg96snt
3925,OhodtKR
3926,9a1afL
3927,H8RBIYJj
3928,YvSLyU
3929,jy4vv
3930,mLWPCq
3931,vUSZOD
3932,QUcyYz
3933,cqcLly6
3934,yZGit
3935,GcALnDnV
3936,Dt1wKC
3937,AarjR
3938,baQG
3939,kNjp
3940,Qg3tvHVp
3941,Gnu9
3942,Dnqe1x
3943,J444MdOk
3944,iyBTVcTq
3945,i3iE6mQ
3946,FaZNulA
3947,E4aN9y
3948,UAK6
3949,uwZdi
3950,RF1lgK
3951,QgRr55Eb
3952,p9P0cr
3953,KCWn0
3954,DMIJah
3955,klB9sn
3956,NTHNl
3957,wfhK
3958,HhNbyK
3959,mvhDN
3960,gJM7hptf
3961,DbZj
3962,WIxtFkZv
3963,rxr6Qm
3964,kLFuwB
3965,IF9Rp8
3966,yU2ahgi
3967,HYN8
3968,E9HF
3969,ba6aN
3970,xzYWJ93F
3971,JPjy
3972,JBB9OWN
3973,Cq7qs8D
3974,zTTni
3975,zTWO5
3976,aBEvK
3977,35KN
3978,6Obqf0
3979,1AM4YHRY
3980,HXOe
3981,eSDO
3982,spgmne
3983,YOCh
3984,xXOXjR
3985,SVqCDG
3986,SbPxC
3987,7xtzbCJ
3988,7Y5qESRQ
3989,qhlz1W
3990,5M1E
3991,oQWOl1k
3992,k66NXh
3993,KtHRAfZ
3994,HYDa
3995,HhgmYrN
3996,x7XXpFk
3997,KixFmc
3998,BL1h
3999,LVCY8h
4000,Ak5WYEb
4001,EK2Ox
4002,SlF8z
4003,GvDFuV
4004,eyv9V
4005,Pnt3
4006,NEeUv
4007,QINp
4008,fjLw3
4009,9zv7dE9D
4010,iFde
4011,9ikMf1
4012,4CVWf4Q
4013,azjDQ
4014,GnMvEJa
4015,OUSmPmP
4016,1tRT
4017,B1iTntu
4018,R7oRmC4
4019,CizW
4020,UQ3qWrG
4021,x8YTuI
4022,5uXwCZvA
4023,ep6Ut
4024,4rXY
4025,a5VZ
4026,xV111aDw
4027,ewkyd
4028,VdYAdS
4029,My4V
4030,ORxi
4031,UpGMbvo
4032,eW1M
4033,6UoBThjF
4034,nS7MOF
4035,AZta9OCA
4036,Z1tmGAw
4037,TAvE
4038,iulW
4039,gIx7
4040,zHMwr
4041,aJgAws
4042,VmYOEVa3
4043,LYEp8Hh0
4044,TRu2
4045,EjzUQNz
4046,4SVZXKHl
4047,mGOQMPok
4048,3lD2
4049,sZGKmj
4050,SgJTAW
4051,RKL2Ymdg
4052,0l5Ggdtp
4053,kyYyNaU
4054,Nxnzz
4055,uZkcA8mN
4056,sdlEEj6L
4057,BhsE2HP
4058,patbFiH
4059,cipickDc
4060,NWBg4f3p
4061,dFAWPk
4062,0wiUW
4063,JnnO
4064,eleegp
4065,aelQfJx
4066,DnDR
4067,EqVQ
4068,wFR5i9
4069,UjfwDtyw
4070,PsxTsL
4071,BBbJaBA2
4072,ZHtt
4073,V0YHx
4074,yLV2
4075,aPTxpAT
4076,8dYhxCz
4077,DWabnsOH
4078,vWwR9I
4079,PydfDkM5
4080,e6QB9Q
4081,MrEZuqtL
4082,TcALF
4083,NBH9YYWg
4084,yMzWL
4085,M3C9
4086,SCd4kf
4087,LXSY
4088,Lg2wFChY
4089,puKuJSi
4090,y4jyMFKZ
4091,cOYOB
4092,TzNeVE
4093,ciitbyJT
4094,hOnj
4095,NmrsTad
4096,enTUt
4097,iPczvWdm
4098,nrUXsPJ
4099,2ySnvZ
4100,TL4zW7Z
4101,9Dow
4102,gKD2D
4103,qfTM
4104,gz6MzCTZ
4105,effwCI3y
4106,dR2V
4107,xDexn
4108,J60i0wm
4109,RObaPw
4110,idtOjL
4111,mCBg
4112,MxmcS
4113,BmZ3Ns1
4114,Cy7DvUQl
4115,RCj3jeY
4116,2MnJ
4117,oO1tA
4118,APbJIY
4119,aMaXfzm
4120,ksqnn
4121,jxexP
4122,J48Wu
4123,7zqamNN
4124,Y935JE
4125,rhDga
4126,ztsydBt
4127,nRvwHWdp
4128,7CWSXVNV
4129,SKV5Kj
4130,xrK3TjFf
4131,L9wCI
4132,hghFtx
4133,pOTwiVf
4134,ZOQW4Hy
4135,mRA3
4136,BfqNt
4137,rAQoPa
4138,P82CGo
4139,IBuTGFA
4140,xW2Vq0
4141,s8opNiP
4142,yVHjD
4143,ng7SbPP
4144,OCkVD
4145,Y5YIB
4146,3VHQ8Jo
4147,ZpXwp4Q8
4148,SsaJo4
4149,K7UU
4150,mSyt
4151,wqjp5
4152,XANr9
4153,TJJM7
4154,5fcK
4155,6QaOWj59
4156,lLIY
4157,Y9Iop2LD
4158,z8l4
4159,t8LK
4160,FIj703
4161,hfPLQ
4162,Z8M2C
4163,Y5D6q
4164,dSywxtY0
4165,BGmoZglJ
4166,gYxzb
4167,z460s
4168,aP4DAUrn
4169,0duebq
4170,8KANY5QJ
4171,loTaJ1sh
4172,moG85
4173,GLAwcvwA
4174,Fi2h
4175,jOQeVB
4176,jk0T
4177,UHupc4v
4178,xK2rV
4179,KFmucpte
4180,H3KG5c
4181,15V5Vm
4182,dO1imNi
4183,fjHfQk
4184,jYSGHH6
4185,JMu776D
4186,UAOp2
4187,xThr1k
4188,CYEs
4189,4m5Ssqhr
4190,uq2VX
4191,GdzX
4192,wuzxV
4193,1V9t3
4194,ynHNo3x
4195,kPuB0Trn
4196,k6yE
4197,BJzy
4198,DdqdZ
4199,syt0REI
4200,a0AfnmTf
4201,V2fMA5y
4202,Y3pCEch
4203,KyX1Nx
4204,20FwRDV
4205,1UsdO
4206,jIhcss
4207,Z20f5
4208,fmwqA57x
4209,rC3rAK
4210,BwUX
4211,vtbMojC7
4212,PFIiOVXM
4213,qklxAQ
4214,fRa5h1OC
4215,HcUPyTg
4216,6R8f
4217,Z1D07
4218,dpKTTUdM
4219,6mSb
4220,QaESaR
4221,ejFg98G
4222,dMQZRt9
4223,b7dTaT
4224,XVHX
4225,ZqNFB
4226,ZTdF
4227,ys17El
4228,auhJ
4229,ky4qIGS
4230,kRJ8D
4231,3MlaVK1
4232,BTxmPkf
4233,LP0Ua
4234,mOve
4235,C8xfvt
4236,oGAOo
4237,jRQci
4238,qrty
4239,xHbR8mma
4240,l2HWfw
4241,4BnF5pa
4242,VsbpT8Kq
4243,xil0ZB
4244,brDoH
4245,euOuF4G
4246,0yARD3
4247,VwVHZh
4248,L8cMygui
4249,xxlXdy
4250,NJY1NUk
4251,R5h8
4252,P7nO4lAp
4253,dkL2
4254,dv92M4Bo
4255,Tky0O
4256,yZl8RYel
4257,J6z2
4258,SqZOK
4259,UV8F
4260,FFhR
4261,qdKaU
4262,yOZjMGr
4263,gGpticd
4264,M7s9xSr
4265,A2XZlr
4266,7YnZ
4267,QAca7W
4268,p1xbp
4269,6lQY
4270,dhIM91MJ
4271,jec7mgo
4272,ypxT7Cm2
4273,xSnTfEf
4274,91GDyDp
4275,6d0foRt
4276,h3iIgKi0
4277,vecquf
4278,9B6n
4279,uREU52oe
4280,emSE
4281,3FKT
4282,GRSelG2
4283,0qpK
4284,LeFqXhM
4285,HsbQ
4286,ZrG0MBE
4287,UiBffB5
4288,awMyAk
4289,DJb8Yw1
4290,m6KF312
4291,JeB3
4292,eAjU
4293,sFFA
4294,KlWls
4295,eLFjgOcD
4296,0f53
4297,L0MV
4298,MVBu
4299,XEHULb
4300,pMtGQRza
4301,9YQEFm
4302,h5zCWVM
4303,TCeriD
4304,F5kaZJ
4305,Y4FHyg
4306,mZF8R
4307,Coey
4308,JmGnE3l
4309,aupH0f
4310,ylamUhyg
4311,qDi4X
4312,jy2uVwf
4313,3n53Clfz
4314,KnAUVH
4315,ERYI
4316,EsykNJWg
4317,kT6KxC
4318,wQH4X
4319,YuKM
4320,e4kf
4321,LkUb5U
4322,kMK8xGMw
4323,R6V1
4324,P1mpT
4325,QewGQ
4326,OCkww
4327,0mSh5SqS
4328,8xBIN4Z
4329,s6fAx
4330,rmN8Gg
4331,ucPz76
4332,j5Qth
4333,Za9b
4334,uMPGF5
4335,HWV9nLc
4336,MKFzt7e
4337,P61oBR
4338,bqzNb
4339,QIDQ
4340,EK7n
4341,KpnMkXj9
4342,SJfXH
4343,2Muzig
4344,BZVz
4345,aPZyqoE
4346,WekL
4347,tmVv
4348,MVOJz70
4349,cVcU
4350,PMcKeN
4351,t1Iq
4352,AMPf7JJJ
4353,1GT8
4354,dvSzQg
4355,jejMg
4356,hozp
4357,k3Pcr1
4358,MBzhEBZU
4359,WAsRdjq
4360,zk8gX
4361,p3vmLBwS
4362,dST9mI
4363,9yJJLS
4364,AGIW6
4365,UAK7
4366,3SEXTw
4367,LvMgqg
4368,MDugv
4369,VyXuZ4Zd
4370,gawN0SSe
4371,5ZGlrru0
4372,A6Bic4av
4373,JGVV
4374,uBIdp
4375,cGBWRbjj
4376,cZSdFo
4377,VqPWI
4378,XXQNWyNh
4379,PkUzpRe
4380,L1fpueXn
4381,To79Wa
4382,AjEpQxLT
4383,yZGjpO
4384,LlipKBJ
4385,QSh5b7Y
4386,828VO
4387,zBXjy
4388,MT6U
4389,RgoMv9
4390,cscQ
4391,MvbBi
4392,xTSKhMUg
4393,56L2
4394,bf6PQZk
4395,1AH1VHp
4396,WsveH
4397,ETZn6F
4398,P8BUo
4399,DLtUvD
4400,GgYma
4401,mZrTx8n
4402,gVMwWL
4403,wci8Q2
4404,6G4CsHm
4405,yX0wwwt
4406,odGmc
4407,UGYc6GEU
4408,Uwht1CqL
4409,rlJz6J
4410,iVxSLV
4411,eQ2dPm
4412,0BqM5UXO
4413,Owcm1
4414,e77Jx
4415,zVOOc5w
4416,fT6ucFU
4417,9dtGGP1Y
4418,0RnA4AV
4419,bCvP6x
4420,LZYCx
4421,g84oXgt
4422,BkaEfe
4423,HKxCk
4424,xZXZf
4425,nSVZ
4426,RDTKQ
4427,qPBv0crC
4428,NIZU3K
4429,qRX7z
4430,FKwljF
4431,1Ohs
4432,ckSM
4433,GKDZnEb8
4434,XZDhtYT
4435,RyXNTlQx
4436,cYWuhSEZ
4437,DsDF5
4438,tL7cp
4439,SrhSKjBy
4440,C7EJY
4441,6tEK7M
4442,rFQk
4443,JtJU
4444,zhzoo
4445,qxzruh
4446,wMTpaf
4447,Or62sW
4448,FJkJJUcZ
4449,zF5eJWe
4450,zf0I8ED
4451,vwlHmYQw
4452,WeOtxX
4453,SGnqg
4454,rRpR56rO
4455,Wmcd
4456,7TjRd
4457,1cfL
4458,yC0qK2Rk
4459,edWiGv
4460,Orjf
4461,Gmzjclr
4462,90pBJ
4463,ktNF2Y
4464,WUpdOYQX
4465,wZrKR
4466,Tpzfz1
4467,2JRe
4468,UX0cy
4469,IwcylIpJ
4470,c3BmhOTo
4471,31Y5mZX
4472,3txTQEke
4473,XRAs
4474,MMz67
4475,Y0JzcW8
4476,9HD6s
4477,iI1n0yj5
4478,HjEM2lpH
4479,CRfd
4480,HNli5
4481,MKEW5i
4482,AazCgj
4483,k491n6
4484,thG7m
4485,TA1Gyfwa
4486,s3sVNd
4487,j6wTEz
4488,kEJRt86k
4489,gW2I6Vf
4490,8OhUR4oU
4491,wFF7c
4492,64tdP
4493,ldz0qM
4494,ZbEcI
4495,4VYiED
4496,PBoMp1k
4497,SaFME
4498,LeRDfoF
4499,aFjdr4
4500,FUA4MM
4501,bLHiAQKV
4502,fJ302b
4503,UYgvQYd
4504,Old7aj
4505,2Dz0Yp3
4506,zV5QZC99
4507,HdBvldmn
4508,gICDA5h6
4509,28V8O2
4510,Tn0Xl8
4511,2b81hoQi
4512,iVHW
4513,6UX2DOA
4514,SWnKh1K
4515,GmNabz
4516,W9ZjF3PD
4517,G2JjvL9F
4518,4hfXXX
4519,d86yBQyX
4520,TOuX0
4521,5nPmO
4522,RfA4S
4523,KEsAL
4524,4o2o4V1e
4525,nMVHx
4526,Rl5kt4z
4527,r9DoL
4528,9oDkxGT7
4529,pSO2xtj
4530,OwWzeQA
4531,RBuM
4532,zxy9
4533,a2gBAK
4534,IXgF
4535,KS0ubFN
4536,5tbm7U7
4537,qyx2t9Is
4538,Pn4S2
4539,g9F7g
4540,eH8bQN0
4541,cZa3TbY
4542,93yF
4543,F2j6PZa
4544,73ze
4545,RpyXL
4546,QeNyQ
4547,77kYx4
4548,I3XkZGw
4549,jej38K
4550,YnOsma4
4551,U6iM
4552,jWjDY
4553,40ovU
4554,YklH
4555,8bcVLHs
4556,63s3
4557,0bsq4
4558,ROli
4559,SFT1
4560,IrwMD
4561,GJmWKvN
4562,714WMY
4563,zRNQ
4564,RNt4cmg1
4565,n8kEJ
4566,Apu5XJ
4567,YQLyu
4568,4hkS
4569,6WH3
4570,V8WxBQid
4571,TkX7yZ1u
4572,gk9krx
4573,VISh1u
4574,Wk6fdMq
4575,jFkFw6B
4576,faMAiJ
4577,S5CVwlP
4578,WZOHk4ZI
4579,UWKOeH
4580,8MR11ab
4581,ATim
4582,cMHAge
4583,MI1wzUIU
4584,FFRioU8
4585,95KvDR
4586,npMwA
4587,YSi8dF
4588,WYf6Pm
4589,huwVBH
4590,rcakaAw
4591,QoHOz
4592,8SBpngrZ
4593,VhYIA4
4594,PGE6
4595,1ukO4K
4596,ukVNKXLu
4597,zU2DV
4598,CfLAmca9
4599,0SLU6SPi
4600,EBeU
4601,Q4QQgjrP
4602,oYjsVt
4603,KtzD
4604,kGw5Zf5
4605,SDAJrn
4606,BHxx3d
4607,LtvA
4608,6lHvi0
4609,i2oYT
4610,fmHA335
4611,QhuS0
4612,ldDqBy
4613,BMi9RAX
4614,4wGNrsc
4615,YE36QF
4616,Kbx5
4617,RAcr8jE
4618,Beys
4619,V8CS
4620,Vj6yHONE
4621,ZKXA
4622,g1LJ
4623,UplVYByZ
4624,7vZn
4625,BRnC5il
4626,2pAZg2
4627,PJVI7
4628,tjmWON8v
4629,K9UIQ
4630,fTxSI
4631,KCQQ
4632,IUZl
4633,WE4pD
4634,NvAeH
4635,L33pc8SJ
4636,PzjNzj
4637,LPBRg
4638,CcI8o
4639,4ZrP9s
4640,0YQKsI
4641,d82Ff3
4642,UAnCEdsy
4643,GhBuV00s
4644,w8u1
4645,tzx75L6z
4646,jDNfglc
4647,yeoS
4648,QrYKttQ
4649,ZbNB9t3
4650,Cl8psH
4651,9NvQ
4652,cBOIHh4
4653,9QBUVosp
4654,A2jNc
4655,ug5mqE
4656,l0gy
4657,2Dv2rcD2
4658,s7lU
4659,5UO3d
4660,fXEotx4
4661,pXXfCdQ
4662,BWolk4Q7
4663,sY2T4x
4664,aQ3DcUFc
4665,HtH3n4
4666,q2O6iG8b
4667,l6juO3A9
4668,G42KMqE
4669,Nx05
4670,krCt
4671,QGe5ZMl
4672,sdWXifL
4673,uZUScf
4674,n3U3r8ax
4675,VVMydPhY
4676,ulS0Yg
4677,FW9jD7
4678,EXX9NZEl
4679,b1sd4y
4680,m28nGyO
4681,T5UingKF
4682,gvAFSkX
4683,enV1quTn
4684,jgEoP
4685,KDtZcu9F
4686,bwUy5A
4687,IjfrbJh
4688,VqCniN
4689,AVO7
4690,eI4wGY7m
4691,wa3X6iT
4692,duHEme
4693,QVN7xhlM
4694,g4P9Wgm
4695,YcxSq
4696,95vY
4697,dLJI
4698,OAHU
4699,X5LgNO
4700,WMKF
4701,dHhLr
4702,rJo0vT4
4703,6pbArB8a
4704,c1UY
4705,xiHHf4
4706,LnO97
4707,w9s2VsD
4708,lm6aLk2
4709,6fVgJ
4710,mPqwkaQ
4711,FYLjFX
4712,dgl7
4713,FHtnixGQ
4714,Pr6jYJF
4715,zsLV8LPU
4716,42G5K7n4
4717,mnAA6g3
4718,4VTFCc9
4719,PYPGr5bo
4720,ir1mIqd
4721,HU1hz
4722,nevX2
4723,2zlOllKs
4724,ZJhpGgy
4725,358oW
4726,oBXGoA
4727,ZVkWF
4728,lDMGx
4729,OGqyWe2F
4730,p5ca
4731,PFnfRP
4732,1Oq2W6b
4733,Qj74rf
4734,rSuNCqBB
4735,7sVBc
4736,ZUbfChO
4737,fz86
4738,UmM8kPgl
4739,umKFq
4740,qOBuDGJH
4741,q12kTD
4742,UApW
4743,EVMoOrC
4744,0TTm
4745,wTVa3
4746,T88O
4747,obGpS
4748,CUU11Uo
4749,FrA5
4750,RnQvJ
4751,XKWUl06
4752,ZVb89s
4753,xzGIAe4
4754,TM5onO
4755,Oocm
4756,VKCO
4757,qxW8mMA
4758,RJHb
4759,kqkvWAMx
4760,v7G2RC
4761,k8BW8S
4762,KEt11qA
4763,F1lk
4764,abVZFn3q
4765,2BXndmF
4766,E63n
4767,XqJCFMB1
4768,C29R
4769,erg4
4770,7oeau
4771,B1PDmNrb
4772,v2jMn6Yx
4773,spnWn2kn
4774,skw94zLe
4775,6lwe4ic
4776,zWnVHN
4777,JOVyTUwS
4778,EeeAy
4779,0YZhR
4780,JIxE
4781,1i5pgK
4782,TVAXzOuB
4783,UETg4
4784,TaDMyeL
4785,OftoPWq
4786,XSr0SHcg
4787,UrXE
4788,jrVCy
4789,dUHH
4790,0NcEeP2
4791,njZbP8
4792,m1kupZC
4793,zngbsMOU
4794,c7EcHwtg
4795,kSlVd6w4
4796,DVjIgXLh
4797,eTs8WlM
4798,Slsm
4799,D5Jb74w
4800,4ytRra
4801,WO2b7jEZ
4802,ZSD8CLNJ
4803,rr0r5b0
4804,NFnotC
4805,yZhGoZz0
4806,x1QAK2N
4807,jstzK
4808,8xaA
4809,rEy0JQOf
4810,A1aKqjk
4811,F6XvQnE
4812,gJaa
4813,KCN51
4814,8kS0Mo
4815,YQfYZb
4816,3QlaCP
4817,RWBaKqSv
4818,KAEz7
4819,3wmM
4820,cB0pk
4821,fdb0X7U
4822,t4K1hR3
4823,8CyA
4824,O35l
4825,k070aZHI
4826,zJyMmx
4827,X5nydt
4828,wv5qMQ6
4829,51F525p
4830,ukXSY
4831,8gvhy
4832,lN0bcmM
4833,jeX68QW
4834,WffVE
4835,JlKej
4836,O3f9
4837,EDu1Y
4838,5N3o7lV
4839,QfUbWy
4840,A3HfEUZ
4841,5VrLN
4842,c2fE0
4843,idHI
4844,iVFoh
4845,XISPT1d0
4846,4c7wnZa
4847,6IdN2Rjr
4848,kVLEQdrN
4849,NpXCRQ
4850,6r7Vc5vQ
4851,znRRf
4852,RUwR
4853,cEqGRxf
4854,YtZEIvE0
4855,IE5U
4856,v1cKi
4857,yfwF
4858,1Auz
4859,6TMpX
4860,wqv6a
4861,rBxJM6
4862,tEhvcS
4863,ZCweA8
4864,zcxqrg
4865,ZgE7jEx
4866,RMJ9
4867,UcJp1AsK
4868,WJ7eZpyh
4869,8yOuZDbT
4870,pPDVu
4871,lB537mQ
4872,YM8Knpm
4873,fRhUMPto
4874,rUZOKbKp
4875,qwDO
4876,50s8
4877,jvPsYFz
4878,d4J3Y
4879,BQkl
4880,j08e1
4881,jEqC3be
4882,1owCS
4883,8Fqz83
4884,6cYM
4885,1zhkQl
4886,6XyR5Mt
4887,SGIt4
4888,Z0VrmiA
4889,zS2OG
4890,BSt3HY8T
4891,OB7CR4
4892,NEyHBju
4893,Od1g
4894,131hc
4895,OkAh4LtH
4896,vvBbhxB
4897,Lmsfx
4898,qCVT4a7
4899,zmj6
4900,Pxbo00
4901,HlzwFM
4902,5cBCs6
4903,4jL5Y
4904,qITu
4905,3nYdgo
4906,HyJE0S
4907,8lXJ
4908,ijS8uu
4909,ZUDk
4910,wE3Ov0Ib
4911,C66cZX
4912,yJctH
4913,OJ05
4914,c2VnOoc
4915,dbHx
4916,gO4vqX
4917,JBF4a
4918,vpSf8g
4919,c871
4920,3LRp
4921,T5cbc
4922,UHN6AavB
4923,g9QhMu
4924,GQOq
4925,tDnGpxx
4926,wr54U
4927,WjCY8TB
4928,4RbcW
4929,GDUVDbz
4930,CvGiQ5u5
4931,1gnUZ
4932,3zxrxb
4933,fuFJiGS
4934,theWOX1
4935,Y5RrxC
4936,BRxb
4937,d7jr9M2f
4938,pppLj
4939,qugzzJ
4940,pHj2
4941,FM6pfE
4942,yWvyKpG
4943,7d9Y
4944,kKZxO
4945,ENC0yn
4946,gLGucWY1
4947,fVgp
4948,x3rSw
4949,8stPe
4950,rOU7
4951,EdvGa
4952,BSJsvKtI
4953,wse5dE
4954,XzGoI
4955,x9Jes
4956,9q42y
4957,NNKxXQm
4958,pK0Yu8Dz
4959,AR8By
4960,d7PUM2
4961,3FlQk0u6
4962,8FxFQYr
4963,Ya7zH
4964,z619
4965,4b2DL
4966,NVfV0zy
4967,oEgYdxs
4968,o9UnTu
4969,JZ9VeYF
4970,sjqqq
4971,gqFPz
4972,2U2tT
4973,hPMgu
4974,VnLuE4v
4975,XN9Wky
4976,fjultPo
4977,GhT1zg
4978,kjMT5uif
4979,O0T9s
4980,0ekIYDl
4981,ahrIdPU
4982,Tdkapb
4983,Ajmpn
4984,0izGG9
4985,bUPjMtX
4986,XcUtBp
4987,wj799
4988,RqHfCwG
4989,lEIo3rLG
4990,kpiW8
4991,mzd0
4992,Vp2pniu6
4993,6cNYjQ
4994,YQ4Ffj
4995,s9r2kqQX
4996,uRuLn
4997,wLDFoC
4998,AWt3TXlA
4999,ITzCQk
5000,QMj2t6d
5001,AMXBuKQ
5002,AxsI
5003,blrciCf
5004,zpNk
5005,SI6yguqs
5006,UyepD
5007,eymdBvF
5008,qEhl2eb
5009,4PzdLpg
5010,KiJm
5011,qY5D1tzw
5012,8YWK4
5013,oXGg
5014,P4lHS
5015,okFhg
5016,3aplzq04
5017,l23PDG
5018,lJRj4UQT
5019,X27SL6m
5020,MZBC
5021,cDglkRS
5022,936k7wC5
5023,Balkqgpf
5024,eKssYq
5025,lcxTKe
5026,tRmCd
5027,Dl5u
5028,Dc3L
5029,3CNW
5030,mD8vI
5031,WZAEokn
5032,NioMiV2
5033,L17nNkp
5034,Lo56oBe
5035,vKCkAU
5036,afaj7TKm
5037,dSTJEleT
5038,EejAk0h
5039,i2DB
5040,OhfR
5041,BdZX0
5042,LOuzbw
5043,yDat4P
5044,6BEn
5045,WamSRrAw
5046,a6D3f0rs
5047,rE4t
5048,61U0p4
5049,MMKLF0qZ
5050,m8agXXn
5051,dJSmq
5052,uvGX0MP
5053,WWHskb
5054,pHo1CA
5055,73Kyr
5056,4C6HQoXn
5057,k2dGE
5058,23w2CeR
5059,1r9qg04
5060,FhPLFG1t
5061,MyMDO
5062,p07dqob
5063,U1gFb
5064,mnIC
5065,NszXx
5066,M00zzy
5067,68b1f4
5068,ATBs
5069,u0IBMzF
5070,JfSLN
5071,4yPU2w
5072,myFdJQq
5073,ZTVNdFP
5074,WeCZ8
5075,NciXF
5076,iZX0fMd
5077,7XKyS0
5078,zuBbc
5079,iTCLOoBF
5080,jSnFrm
5081,AHQKn
5082,xiFHlm
5083,UIyjGr
5084,PF3llf0i
5085,soYNU
5086,K4vTu
5087,bdvO
5088,r4PPpu
5089,BMUp
5090,WBbWDt
5091,vpTNJ
5092,bQfoimZ
5093,lZLAI
5094,oJtYO9
5095,tOM44
5096,7qBnjk
5097,jGW1pOf
5098,YY4OGZ
5099,zURWRX7k
5100,7wZE6zL5
5101,z6EHd0SM
5102,IUifWIv
5103,1OQRoqJM
5104,XlBGlG
5105,6M4PO
5106,JsYi8F
5107,UYdgWKFS
5108,UXbBFMmy
5109,TPGgBDn
5110,ne7T
5111,0PYl0M
5112,dLJ3B
5113,i9COy2qB
5114,JUlgIVHt
5115,4HOHLj
5116,J9Qcc6w0
5117,GU4v
5118,JlPpI0e7
5119,hGkXj
5120,Djb5
5121,zrB2YhMl
5122,RRC0tLz
5123,snMB
5124,2IIt
5125,dZJpcwsP
5126,ttfX
5127,EWk8lG38
5128,7k7Jen
5129,M2VZPb
5130,yDXmqvgo
5131,Th8zCe
5132,4Y7UZHE
5133,a1Nh080U
5134,MaaUP
5135,z6Nqs9y
5136,XSvN
5137,L35b6eQ6
5138,Ux5M
5139,VllQH
5140,wc3xA
5141,vnh5taV
5142,xiHCcD
5143,ORpLGdt
5144,6z2Jgi
5145,axeLi
5146,QdTQ8eVV
5147,sYxjGex
5148,g2Ir
5149,kUaA
5150,1XdD
5151,CZNX
5152,JUGdm
5153,iQsTmA
5154,H97y
5155,af0ZLEX
5156,xOoA7WnE
5157,C7wjHmcc
5158,jUCO
5159,ag3jltk
5160,laZP
5161,1RbYE4
5162,MeMQM
5163,fuPA
5164,4bZC
5165,UKeYWgt
5166,IjtK6TUr
5167,C9TM44Z
5168,b4oxr
5169,txs017
5170,3OGiD
5171,I17Lh
5172,ywsoqN2i
5173,8WiPI
5174,bEi1Fj
5175,PBbmh
5176,Z3nEx
5177,RnrGK
5178,hJvInf
5179,fTzjx0h
5180,vbvlZ
5181,PM3mTD
5182,CfiM
5183,nkJgG00C
5184,XdNk
5185,BQRJy
5186,1P1Q9N6
5187,baydHRGC
5188,3Kt4R
5189,WKiO8rkD
5190,OK75
5191,wJuv
5192,CyUAjj
5193,qo7q
5194,Wwcm
5195,3yVeACt
5196,SbqO4
5197,DqTw
5198,ujVtVbU
5199,RlsiDNWd
5200,C03DB9i3
5201,ZwYygdYo
5202,W45y9Z7
5203,5Q9mNvnc
5204,hqXSZ6f
5205,bXDIc7d
5206,GoTV9Rh
5207,4Y6rsn0
5208,W4BLdKY
5209,Jvhd1
5210,A8l9wHlj
5211,VK3mwZP
5212,qYXQSyHE
5213,i1JJ0l6
5214,gUVhIu
5215,HS71LS
5216,DpnmoO
5217,UYIUTwZ
5218,k7GPk2
5219,WxwjHlA
5220,GqIDI
5221,nTnC7
5222,InBq
5223,NSDWZZtZ
5224,E3jQfE
5225,kLpx
5226,rV8mq6
5227,rrXx5jSn
5228,kexwxoNU
5229,dOWsHjFA
5230,TzoGtGDj
5231,ZiIc5z0
5232,q8yG
5233,zhTnN5
5234,Ve0W5a
5235,zAAt1EDE
5236,cLX1OvG
5237,D2DGL
5238,YAEPXSa
5239,FsZN
5240,qvVQG
5241,oMHMY3h
5242,kuHN
5243,cSrC
5244,4PNQ
5245,Sp8Be
5246,ba5dW0T
5247,Q77nX
5248,D77xi1C
5249,UXDNmRmn
5250,Q38zyi
5251,dUl6SB
5252,3s35j
5253,td8z9
5254,YKcbH
5255,TOd1rd
5256,PQ28I
5257,qFvOZ
5258,X5co
5259,jfes73m
5260,bGPqnBa
5261,ROcpwZon
5262,bO2lNV
5263,hivV9
5264,ArTlS
5265,4YANI
5266,Yewm7L
5267,jVCG
5268,Xti4h7
5269,5vVkBz4
5270,LMoQ
5271,m4yBssqs
5272,PO0OSfp8
5273,Amn0
5274,Wkn4RQRQ
5275,SfEPry
5276,rIX4J88Y
5277,hNJDPV
5278,0pKRrct
5279,z2Xz4
5280,d1ZPVEKC
5281,l8aFq
5282,POMP
5283,IQ61Apn
5284,Go6dX
5285,UesBYQ
5286,TeNbXXQ
5287,3dIWHZQ
5288,uulp
5289,7AOuJpgx
5290,Pjlii
5291,Ms1KcE
5292,pPkaMv
5293,S3TQ9NZy
5294,N1HfASN8
5295,n2oaC
5296,4y3GNbf
5297,CaOU2
5298,4jfTmO
5299,sHjbk0YT
5300,sCqBU
5301,4INtUV
5302,xarPYIu2
5303,nmtY2
5304,QgRPCRL
5305,NI1onKdF
5306,YTfw2Lm
5307,hwlo
5308,dfjnV
5309,yeRi
5310,1mpYfGyW
5311,AvAbzTw
5312,CE0CZe
5313,BUaB16
5314,zxW3tIlB
5315,BOi11
5316,QVZB
5317,qRDfglk
5318,Eq4q
5319,NQD8y
5320,DsJL
5321,BeqoU
5322,AeYr3
5323,cLKY
5324,Lml8V5Y
5325,fhijuQ3u
5326,Xuslc
5327,OIzo
5328,HcGLvSFi
5329,keOe
5330,50tk9U
5331,JeCJyq
5332,fHG7
5333,cTtAF372
5334,UhVr
5335,BsVI1F
5336,GcEb
5337,aDef
5338,W9dxBCK
5339,fjVi
5340,Mdls7kN
5341,5vhk
5342,mWJXP
5343,SUIr
5344,q2UhEQ
5345,lJV2tHFS
5346,jxHu
5347,VYWjcfZp
5348,PoNVa1m
5349,zZr2En0
5350,ZPNWr
5351,1eTYebP
5352,xo3K
5353,pnKd
5354,HwgIMN
5355,ei23xFSj
5356,6ZrMt
5357,HH1be
5358,JGnUirux
5359,TCSFop
5360,dyfZlGUV
5361,A9A6w
5362,ssBPrJrg
5363,89sT
5364,PaY9
5365,yP1i
5366,nll15tH
5367,mHhCV8RP
5368,PZGyShs
5369,d843tL
5370,rCPC
5371,tZGSTV3
5372,pdpPj3vs
5373,Mr1KGJ
5374,o7OMat
5375,LejCT6a
5376,Y7219nZ
5377,qyROot8z
5378,ZaPw
5379,RlJW
5380,LTfNoW0C
5381,zTAG
5382,HqpNA
5383,PLRrMyIQ
5384,4SPKxW7
5385,oNxkgAMO
5386,TKNDoOE
5387,EqzylYh9
5388,Lewdq7
5389,40GtBn8N
5390,yrYho4Z6
5391,As6vPy3k
5392,dXy8lKF
5393,T56VwJv
5394,JfFLilV
5395,IpJv
5396,zRHon
5397,TQy3
5398,uiuK
5399,hDzd
5400,6Z7p9CZ
5401,I7BJE
5402,DI65
5403,Df5jrsOJ
5404,DtYqG
5405,VS4D
5406,pplkO
5407,q9xg
5408,xrklMNOc
5409,YB2Ejgc
5410,YFIX6
5411,oUsIzR6
5412,COsHVtu2
5413,muKa
5414,eyRRJrVe
5415,33yB
5416,hHikqt1C
5417,m6caR
5418,YfVJ
5419,VTkkCNa
5420,K6apD
5421,9NshAAWh
5422,kZMwez4t
5423,ikk0o
5424,CgqF
5425,kfAh1
5426,GGoKf9
5427,sGjm8
5428,xT9dE0
5429,MCoi8FSL
5430,oidh8Hj
5431,KSkogaV
5432,P3qO
5433,6X5m
5434,5shkR
5435,goCLw
5436,Mt3CPN
5437,CyqrpEz
5438,7b2BIO
5439,wdqmjX
5440,ub8buNi
5441,SwPbx
5442,jrXllxop
5443,U9BvhViN
5444,b2hnz7r
5445,G3pUHls
5446,uBRXHaBk
5447,VTPZvQFN
5448,k4BN
5449,qZjy
5450,kIKTP3Z
5451,FJYngx
5452,2ljWZh
5453,6zkF
5454,khKgT
5455,PQfmnz1D
5456,2DG1ry
5457,7cYT
5458,TG6r5YlG
5459,nNlG
5460,v0uru4B
5461,BFRp3qZm
5462,dMPUwR9
5463,qYHVQCJC
5464,m6N6YWr0
5465,36vDW
5466,uA3Gj
5467,9kVAyl
5468,j536u
5469,lIZTs
5470,Jt5w
5471,MGQNU
5472,Lh64uoJX
5473,0sDlDSg
5474,jRqN
5475,OIVvjMn
5476,kPzD34C
5477,BIqBHfc
5478,wKS7nN9
5479,ls9nF6
5480,0fAenVp
5481,MBPDUcCJ
5482,fwOob
5483,W8TYWhk
5484,ds4u4uZq
5485,aDx4jPtW
5486,oJAwfxXi
5487,aAQh
5488,t8cxy
5489,hvV0Y
5490,O0ywIox
5491,Y4xESn
5492,QP7COx
5493,ykkO5BIE
5494,hWbMtQ
5495,nYPqP
5496,WPaK2D
5497,OxoYJo
5498,xNrV
5499,QLdS
5500,hFuX8a
5501,LB1Ryf
5502,gp2q
5503,phHYFn
5504,IU0SBj4y
5505,gPZ63UJ
5506,ywgnB
5507,6295l
5508,WGDWsVlU
5509,m9cIa
5510,gtwgqYlJ
5511,Aw4A
5512,afgON
5513,IR48Wrq
5514,Sh31CpP
5515,6PlSTEmF
5516,uYZzX7
5517,Wy63KRtU
5518,3AMOkGwn
5519,HfcT
5520,UGzmBR
5521,y8Ud
5522,NBlIAv
5523,GBxWL
5524,ifMCajs
5525,pZseS8x
5526,jQhONL
5527,odxSSe
5528,I5Rgezip
5529,bogcqAU
5530,v5yOqK2
5531,gkg9ZAcQ
5532,AjLE
5533,B2mOmlO
5534,lZcqIex
5535,b45B
5536,hw3lEY
5537,rvpl5KD
5538,0IfmUh
5539,fCKtu2
5540,RDm92k
5541,1qqOVh
5542,rl0F
5543,an67
5544,m9syXTL
5545,rH3Atv
5546,5NJ7YNC
5547,mVBCC
5548,qtxN
5549,2z78
5550,mDpOra3b
5551,d0y5
5552,RSrCiwd
5553,av6To
5554,8aCaigEI
5555,c9tlKB8
5556,XuCf
5557,PLFbf
5558,A60x
5559,Gke2P
5560,FgJ7vzq6
5561,SsTC
5562,VT2XLLjO
5563,MsXoT2Zt
5564,qTcHlP
5565,q1dgVw9
5566,T4z28QM7
5567,bJXK
5568,Fi0O
5569,4kp4B
5570,DYlyy
5571,0kuP
5572,fQyRLHX
5573,yISh
5574,ehPY
5575,kNE0eYb
5576,nWNseFW
5577,cM9HJPz
5578,hZM8C
5579,rQxFe27
5580,dL5p8
5581,y4z4K
5582,hqN3qfaW
5583,VEJQ
5584,iFjMhY
5585,Vebwz
5586,UKB7R
5587,XGv3
5588,lATwmM
5589,SLccNJ
5590,pZ4keBV
5591,hxYiRC6
5592,8mUPm1E
5593,0DBZ
5594,lJpD
5595,P7xFqyR
5596,ciKc
5597,gtfgcOI
5598,egckkk1y
5599,OSl3D
5600,ywzur
5601,vVvUgDzY
5602,SFdF91yr
5603,PhJNy
5604,PXEDS
5605,7OHG
5606,ZW0ZcX
5607,W97p
5608,62WJ7JM
5609,6NyrVjD8
5610,v1DTkEM
5611,yDRM1aY4
5612,2DgAvoj
5613,s1kIE
5614,g2Rh
5615,wRNGn36P
5616,wwWLR4B
5617,sL4o4
5618,QSBzaEi
5619,Vavbd
5620,Q95JtEU
5621,Slh9hBp
5622,7VAs
5623,1tnQogi
5624,n8wu
5625,bNwmWgqp
5626,iTFox
5627,tcKS3BJL
5628,qac1Z
5629,JLQV2P
5630,upxt
5631,Z8ib3nPy
5632,FHIcW
5633,prP1jXK
5634,YiH70T3
5635,5eEMmeGn
5636,YlAkU
5637,4QTmroBl
5638,MiaG
5639,n7cFW
5640,guZ4Z
5641,YaUMUri7
5642,L1sbZ6
5643,anL1
5644,tAs9XZrx
5645,NcYIZt
5646,7nGG
5647,bIn1e0I
5648,llPjqm
5649,1NpKlc
5650,dXRfAjPL
5651,MQaz
5652,4R941i
5653,HccP4T
5654,qEDzH
5655,jqGfevB
5656,f8Hd9ry
5657,iWVd
5658,xX89
5659,fgfJ
5660,KqJcs
5661,TU8gIx
5662,EtDGWSU
5663,2G1PqsX2
5664,lyLu
5665,Ov5bsr
5666,0y9mw8j
5667,LBDs1o
5668,iQHRN0fs
5669,qD6WIjQv
5670,ZliHq3
5671,y5dR
5672,yCDUVu1
5673,zo1qe
5674,Vawb
5675,dQ2fCj
5676,ylwklzs
5677,wdkXa
5678,dyLjhU0
5679,ZnStvYM
5680,dJyaJCM
5681,lnyMG
5682,98Vn4l3j
5683,AFAW
5684,WTb6cEAp
5685,XxEQlH
5686,naaf
5687,a24GJ6ci
5688,SU3D7YK
5689,VpKu
5690,cnhK5zxM
5691,Zaac0G
5692,yrjA4
5693,rDVGyNT
5694,RAyjJ
5695,pTPo
5696,fI1l
5697,9JL74k
5698,4izAezda
5699,CIy7Zv4
5700,FjJa
5701,0jnRPC
5702,rAEVWbii
5703,Z0vp
5704,XOJv
5705,kH6fp
5706,T8IF
5707,VOIbD1Le
5708,aKcsnR
5709,2GBV
5710,0ifZ
5711,mSY7
5712,XuF7
5713,rv0ef3l
5714,UflUGk9
5715,yaFvOQb
5716,SLdIE0
5717,tAz0bE
5718,rWLtce4
5719,8ABTaj7
5720,N2vML2n
5721,8vK2UG
5722,Zo2OWgf
5723,id90WSO
5724,JoG2yt
5725,Ela524uE
5726,wYF5
5727,0XtHsHgE
5728,TLHPct
5729,Pxziz5C
5730,CANu
5731,cJN5Hs
5732,G96QsQP
5733,gS84
5734,Cg6Z
5735,6o1ZI
5736,xgnvppu
5737,ufTZ7KX
5738,JLgH
5739,pDQR
5740,O1Xf
5741,vWihcY
5742,YxPR4V
5743,VimxIEjf
5744,htqw
5745,r7vqc
5746,0xbqi
5747,WEvFYq
5748,Wqzh1Zc
5749,Hj1u14ji
5750,0Q3M
5751,SgWF
5752,5TzX
5753,8dXwic9g
5754,Ia2qK
5755,79f7M
5756,Ay7o
5757,tOU34L
5758,659O26q
5759,WPH6u
5760,Zn6S34
5761,3zV3
5762,mf88
5763,NSMnu7dM
5764,WiPb
5765,j2yK5V3N
5766,r2YFwZmh
5767,dW8m
5768,tVE9Kf
5769,UT627EUr
5770,N25o
5771,kC7k
5772,cTT2uE
5773,64vYkpyX
5774,SX84V
5775,sITKa
5776,BUwAm
5777,7UNLbdZ
5778,F5Thwf
5779,cveLz6tS
5780,JZiH
5781,KBBt3
5782,B15IcNYi
5783,CE9i
5784,aSynINu
5785,EhxBzvWy
5786,uHhX09b
5787,eImPc
5788,jLJCumyy
5789,su6u
5790,e1BEHqj
5791,hEX3YVTd
5792,IpugX
5793,3a3HE
5794,efXIFP
5795,ndqb8k6
5796,zCBLA2
5797,wd0JpVFz
5798,puV3
5799,jRlLVwt
5800,23zwZ
5801,73Ti
5802,tNenEc
5803,uJ4d
5804,rKiG
5805,bNh91
5806,BepD
5807,JLVe
5808,1zChB
5809,77lP
5810,ewT4NQy
5811,lC45
5812,5u1k
5813,HFW3s2n
5814,TD3Cjec
5815,4TGJZtFv
5816,5RirqM
5817,PqB4U
5818,kPEMKFb
5819,pEpR2e2T
5820,89n8T
5821,328iYsgA
5822,rPrLJQTG
5823,dkFBWz
5824,JUZ5FxEh
5825,F48UbQrX
5826,JY4Fa
5827,bzbdZfj
5828,M9O5
5829,8ZzxO0
5830,0cPvQueB
5831,dTGg7COc
5832,S9K0G
5833,1Oio
5834,S4GUT
5835,TnZuN
5836,sS5MK
5837,4oa271h
5838,Zpm3x
5839,x2aedSZ
5840,rME0Y8
5841,xVQjF
5842,gidf4s
5843,2v0ZEP
5844,dr48
5845,kfyrv
5846,VWNT
5847,gA0SYt
5848,8FPZX
5849,72M5au
5850,uWI6zcX
5851,edjGdH2T
5852,al82XA
5853,hpGr
5854,dPwo
5855,rRdp
5856,d802
5857,WFerQrMp
5858,jHD0Zs
5859,CgNb1KK
5860,SQAdj7f
5861,Krt0
